,Unnamed: 0,Unnamed: 0.1,Rk,Player1,Player2,Player3,Player4,Player5,MP,PTS,New PTS,Tm
0,0,0,0,Mike Bibby 2010,Al Horford 2010,Joe Johnson 2010,Josh Smith 2010,Marvin Williams 2010,1171.08,6.0,6.0,ATL
1,1,1,1,Mike Bibby 2010,Jamal Crawford 2010,Al Horford 2010,Joe Johnson 2010,Josh Smith 2010,407.47,11.5,11.5,ATL
2,2,2,2,Jamal Crawford 2010,Al Horford 2010,Joe Johnson 2010,Josh Smith 2010,Marvin Williams 2010,355.27,10.5,10.5,ATL
3,3,3,3,Jamal Crawford 2010,Maurice Evans 2010,Zaza Pachulia 2010,Joe Smith 2010,Jeff Teague 2010,148.49,-2.1,-0.8320914062500004,ATL
4,4,4,4,Jamal Crawford 2010,Maurice Evans 2010,Al Horford 2010,Joe Johnson 2010,Josh Smith 2010,115.34,2.5,2.8972744791666667,ATL
5,5,5,5,Jamal Crawford 2010,Maurice Evans 2010,Joe Johnson 2010,Zaza Pachulia 2010,Josh Smith 2010,89.12,-0.4,1.6870708333333333,ATL
6,6,6,6,Jamal Crawford 2010,Maurice Evans 2010,Zaza Pachulia 2010,Josh Smith 2010,Jeff Teague 2010,82.12,6.8,4.908576041666667,ATL
7,7,7,7,Mike Bibby 2010,Jamal Crawford 2010,Al Horford 2010,Joe Johnson 2010,Marvin Williams 2010,75.36,-11.3,-2.312037500000001,ATL
8,8,8,8,Mike Bibby 2010,Jamal Crawford 2010,Al Horford 2010,Josh Smith 2010,Marvin Williams 2010,68.08,3.4,3.4613145833333334,ATL
9,9,9,9,Jamal Crawford 2010,Joe Johnson 2010,Zaza Pachulia 2010,Josh Smith 2010,Marvin Williams 2010,63.11,-11.7,-1.4995648437499995,ATL
10,10,10,10,Jamal Crawford 2010,Maurice Evans 2010,Zaza Pachulia 2010,Josh Smith 2010,Marvin Williams 2010,53.41,-7.6,0.4086252604166667,ATL
11,11,11,11,Jamal Crawford 2010,Maurice Evans 2010,Zaza Pachulia 2010,Jeff Teague 2010,Marvin Williams 2010,49.36,-12.7,-0.6684645833333334,ATL
12,12,12,12,Jamal Crawford 2010,Maurice Evans 2010,Al Horford 2010,Josh Smith 2010,Marvin Williams 2010,45.16,48.8,14.151113541666666,ATL
13,13,13,13,Jamal Crawford 2010,Maurice Evans 2010,Zaza Pachulia 2010,Joe Smith 2010,Marvin Williams 2010,41.05,-2.7,2.17049609375,ATL
14,14,14,14,Jamal Crawford 2010,Maurice Evans 2010,Joe Johnson 2010,Zaza Pachulia 2010,Joe Smith 2010,40.0,-28.6,-3.1914583333333337,ATL
15,15,15,15,Mike Bibby 2010,Maurice Evans 2010,Al Horford 2010,Josh Smith 2010,Marvin Williams 2010,39.59,7.2,4.25896328125,ATL
16,16,16,16,Mike Bibby 2010,Jamal Crawford 2010,Joe Johnson 2010,Zaza Pachulia 2010,Josh Smith 2010,38.32,1.4,3.0768729166666664,ATL
17,17,17,17,Mike Bibby 2010,Maurice Evans 2010,Al Horford 2010,Joe Johnson 2010,Josh Smith 2010,36.55,2.5,3.305587239583333,ATL
18,18,18,18,Jamal Crawford 2010,Maurice Evans 2010,Al Horford 2010,Joe Johnson 2010,Zaza Pachulia 2010,35.18,42.9,10.7151453125,ATL
19,19,19,19,Jason Collins 2010,Jamal Crawford 2010,Maurice Evans 2010,Randolph Morris 2010,Jeff Teague 2010,27.03,3.5,3.49570390625,ATL
20,20,20,20,Ray Allen* 2010,Kevin Garnett* 2010,Kendrick Perkins 2010,Paul Pierce 2010,Rajon Rondo 2010,1179.13,12.9,12.9,BOS
21,21,21,21,Ray Allen* 2010,Kendrick Perkins 2010,Paul Pierce 2010,Rajon Rondo 2010,Rasheed Wallace 2010,194.08,-1.3,-1.3,BOS
22,22,22,22,Ray Allen* 2010,Kevin Garnett* 2010,Paul Pierce 2010,Rajon Rondo 2010,Rasheed Wallace 2010,181.47,-6.4,-5.8203015625,BOS
23,23,23,23,Ray Allen* 2010,Tony Allen 2010,Kevin Garnett* 2010,Kendrick Perkins 2010,Rajon Rondo 2010,121.51,13.7,10.201199479166666,BOS
24,24,24,24,Ray Allen* 2010,Marquis Daniels 2010,Kevin Garnett* 2010,Kendrick Perkins 2010,Rajon Rondo 2010,108.17,10.9,7.961583854166667,BOS
25,25,25,25,Marquis Daniels 2010,Glen Davis 2010,Michael Finley 2010,Nate Robinson 2010,Rasheed Wallace 2010,86.24,1.5,2.9707250000000003,BOS
26,26,26,26,Ray Allen* 2010,Marquis Daniels 2010,Eddie House 2010,Rasheed Wallace 2010,Shelden Williams 2010,71.48,33.6,15.12654375,BOS
27,27,27,27,Ray Allen* 2010,Kendrick Perkins 2010,Paul Pierce 2010,Rajon Rondo 2010,Brian Scalabrine 2010,66.33,5.2,4.525832812500001,BOS
28,28,28,28,Tony Allen 2010,Kevin Garnett* 2010,Kendrick Perkins 2010,Paul Pierce 2010,Rajon Rondo 2010,57.23,0.0,2.9270359375000004,BOS
29,29,29,29,Marquis Daniels 2010,Eddie House 2010,Paul Pierce 2010,Rasheed Wallace 2010,Shelden Williams 2010,57.06,-19.4,-2.8347093749999983,BOS
30,30,30,30,Ray Allen* 2010,Glen Davis 2010,Kendrick Perkins 2010,Paul Pierce 2010,Rajon Rondo 2010,46.47,-40.3,-6.593129687499999,BOS
31,31,31,31,Ray Allen* 2010,Marquis Daniels 2010,Glen Davis 2010,Rajon Rondo 2010,Rasheed Wallace 2010,40.03,4.9,4.322197395833333,BOS
32,32,32,32,Marquis Daniels 2010,Kevin Garnett* 2010,Kendrick Perkins 2010,Paul Pierce 2010,Rajon Rondo 2010,34.19,4.0,4.139727604166668,BOS
33,33,33,33,Ray Allen* 2010,Glen Davis 2010,Paul Pierce 2010,Rajon Rondo 2010,Rasheed Wallace 2010,32.03,1.6,3.741265104166668,BOS
34,34,34,34,Ray Allen* 2010,Tony Allen 2010,Glen Davis 2010,Eddie House 2010,Rasheed Wallace 2010,31.5,25.3,7.636640625000003,BOS
35,35,35,35,Ray Allen* 2010,Kevin Garnett* 2010,Eddie House 2010,Kendrick Perkins 2010,Rajon Rondo 2010,30.5,4.9,4.285963541666668,BOS
36,36,36,36,Marquis Daniels 2010,Kevin Garnett* 2010,Paul Pierce 2010,Rajon Rondo 2010,Rasheed Wallace 2010,30.24,7.9,4.757475000000001,BOS
37,37,37,37,Ray Allen* 2010,Tony Allen 2010,Kevin Garnett* 2010,Rajon Rondo 2010,Rasheed Wallace 2010,29.2,-4.8,2.8058125000000005,BOS
38,38,38,38,Ray Allen* 2010,Marquis Daniels 2010,Kevin Garnett* 2010,Rajon Rondo 2010,Rasheed Wallace 2010,28.34,41.2,9.635782291666667,BOS
39,39,39,39,Ray Allen* 2010,Glen Davis 2010,Eddie House 2010,Rajon Rondo 2010,Rasheed Wallace 2010,23.55,-12.0,2.1866484375000006,BOS
40,40,40,40,Devin Harris 2010,Jarvis Hayes 2010,Yi Jianlian 2010,Courtney Lee 2010,Brook Lopez 2010,326.11,-3.5,-3.5,NJN
41,41,41,41,Chris Douglas-Roberts 2010,Devin Harris 2010,Yi Jianlian 2010,Courtney Lee 2010,Brook Lopez 2010,206.36,-13.8,-13.8,NJN
42,42,42,42,Devin Harris 2010,Yi Jianlian 2010,Courtney Lee 2010,Brook Lopez 2010,Terrence Williams 2010,191.38,-5.6,-5.6257203125,NJN
43,43,43,43,Josh Boone 2010,Devin Harris 2010,Trenton Hassell 2010,Courtney Lee 2010,Brook Lopez 2010,114.41,1.6,-4.528397656250001,NJN
44,44,44,44,Josh Boone 2010,Chris Douglas-Roberts 2010,Devin Harris 2010,Courtney Lee 2010,Brook Lopez 2010,106.44,-19.5,-16.855215625,NJN
45,45,45,45,Devin Harris 2010,Trenton Hassell 2010,Yi Jianlian 2010,Courtney Lee 2010,Brook Lopez 2010,85.01,-22.4,-17.476788281250002,NJN
46,46,46,46,Keyon Dooling 2010,Chris Douglas-Roberts 2010,Yi Jianlian 2010,Courtney Lee 2010,Brook Lopez 2010,82.06,-11.7,-12.767906770833333,NJN
47,47,47,47,Devin Harris 2010,Jarvis Hayes 2010,Kris Humphries 2010,Courtney Lee 2010,Brook Lopez 2010,58.44,-17.5,-14.762715625000002,NJN
48,48,48,48,Josh Boone 2010,Chris Douglas-Roberts 2010,Devin Harris 2010,Trenton Hassell 2010,Brook Lopez 2010,54.4,-32.6,-18.95825,NJN
49,49,49,49,Josh Boone 2010,Keyon Dooling 2010,Chris Douglas-Roberts 2010,Kris Humphries 2010,Terrence Williams 2010,54.15,12.1,-6.3266679687500025,NJN
50,50,50,50,Keyon Dooling 2010,Jarvis Hayes 2010,Kris Humphries 2010,Brook Lopez 2010,Terrence Williams 2010,54.14,14.6,-5.623056770833334,NJN
51,51,51,51,Chris Douglas-Roberts 2010,Devin Harris 2010,Trenton Hassell 2010,Yi Jianlian 2010,Brook Lopez 2010,53.44,-22.9,-16.163241666666668,NJN
52,52,52,52,Rafer Alston 2010,Josh Boone 2010,Chris Douglas-Roberts 2010,Trenton Hassell 2010,Brook Lopez 2010,46.4,-42.3,-20.509291666666673,NJN
53,53,53,53,Keyon Dooling 2010,Jarvis Hayes 2010,Yi Jianlian 2010,Courtney Lee 2010,Brook Lopez 2010,41.43,7.4,-9.04114609375,NJN
54,54,54,54,Chris Douglas-Roberts 2010,Devin Harris 2010,Yi Jianlian 2010,Brook Lopez 2010,Terrence Williams 2010,41.17,-30.4,-17.174879947916665,NJN
55,55,55,55,Devin Harris 2010,Kris Humphries 2010,Courtney Lee 2010,Brook Lopez 2010,Terrence Williams 2010,39.36,-13.5,-13.551675,NJN
56,56,56,56,Keyon Dooling 2010,Kris Humphries 2010,Courtney Lee 2010,Brook Lopez 2010,Terrence Williams 2010,38.44,-8.7,-12.590986458333335,NJN
57,57,57,57,Rafer Alston 2010,Josh Boone 2010,Trenton Hassell 2010,Brook Lopez 2010,Terrence Williams 2010,36.49,-16.3,-14.084792447916668,NJN
58,58,58,58,Rafer Alston 2010,Trenton Hassell 2010,Brook Lopez 2010,Bobby Simmons 2010,Terrence Williams 2010,33.42,-39.8,-18.1315296875,NJN
59,59,59,59,Rafer Alston 2010,Chris Douglas-Roberts 2010,Yi Jianlian 2010,Courtney Lee 2010,Brook Lopez 2010,32.37,-6.5,-12.37388515625,NJN
60,60,60,60,Boris Diaw 2010,Raymond Felton 2010,Stephen Jackson 2010,Nazr Mohammed 2010,Gerald Wallace 2010,452.56,-1.1,-1.1,CHA
61,61,61,61,Boris Diaw 2010,Raymond Felton 2010,Stephen Jackson 2010,Theo Ratliff 2010,Gerald Wallace 2010,349.39,-0.6,-0.6,CHA
62,62,62,62,Tyson Chandler 2010,Boris Diaw 2010,Raymond Felton 2010,Stephen Jackson 2010,Gerald Wallace 2010,340.39,3.3,3.3,CHA
63,63,63,63,Boris Diaw 2010,Raymond Felton 2010,Stephen Jackson 2010,Ronald Murray 2010,Gerald Wallace 2010,171.39,6.6,6.2481510416666675,CHA
64,64,64,64,Boris Diaw 2010,Raymond Felton 2010,Stephen Jackson 2010,Tyrus Thomas 2010,Gerald Wallace 2010,89.56,1.2,2.3322939814814805,CHA
65,65,65,65,D.J. Augustin 2010,Boris Diaw 2010,Stephen Jackson 2010,Ronald Murray 2010,Gerald Wallace 2010,77.52,26.9,12.84175,CHA
66,66,66,67,Boris Diaw 2010,Raymond Felton 2010,Stephen Graham 2010,Stephen Jackson 2010,Theo Ratliff 2010,61.23,11.8,6.025838541666666,CHA
67,67,67,68,D.J. Augustin 2010,Boris Diaw 2010,Stephen Jackson 2010,Nazr Mohammed 2010,Gerald Wallace 2010,56.56,5.6,3.9932175925925915,CHA
68,68,68,69,Boris Diaw 2010,DeSagana Diop 2010,Raymond Felton 2010,Stephen Jackson 2010,Gerald Wallace 2010,56.54,5.8,4.051876157407406,CHA
69,69,69,70,D.J. Augustin 2010,Boris Diaw 2010,Raymond Felton 2010,Stephen Jackson 2010,Gerald Wallace 2010,49.29,19.8,7.5523767361111105,CHA
70,70,70,71,Raymond Felton 2010,Stephen Jackson 2010,Nazr Mohammed 2010,Ronald Murray 2010,Gerald Wallace 2010,43.36,2.3,3.0913703703703685,CHA
71,71,71,72,D.J. Augustin 2010,DeSagana Diop 2010,Stephen Jackson 2010,Ronald Murray 2010,Gerald Wallace 2010,40.52,25.4,7.98155324074074,CHA
72,72,72,73,D.J. Augustin 2010,Boris Diaw 2010,Stephen Jackson 2010,Tyrus Thomas 2010,Gerald Wallace 2010,38.31,-13.5,-0.034336805555556627,CHA
73,73,73,74,Tyson Chandler 2010,Boris Diaw 2010,Raymond Felton 2010,Ronald Murray 2010,Gerald Wallace 2010,36.28,-23.4,-1.7271643518518531,CHA
74,74,74,75,Tyson Chandler 2010,Boris Diaw 2010,Raymond Felton 2010,Stephen Graham 2010,Gerald Wallace 2010,34.3,1.1,2.9252314814814806,CHA
75,75,75,76,Tyson Chandler 2010,Boris Diaw 2010,Raymond Felton 2010,Stephen Graham 2010,Stephen Jackson 2010,34.15,3.0,3.2649103009259246,CHA
76,76,76,77,D.J. Augustin 2010,Boris Diaw 2010,Stephen Jackson 2010,Theo Ratliff 2010,Gerald Wallace 2010,32.26,-9.4,1.1846238425925921,CHA
77,77,77,79,D.J. Augustin 2010,Boris Diaw 2010,DeSagana Diop 2010,Ronald Murray 2010,Gerald Wallace 2010,26.12,-5.0,2.19005324074074,CHA
78,78,78,80,Luol Deng 2010,Taj Gibson 2010,Kirk Hinrich 2010,Joakim Noah 2010,Derrick Rose 2010,451.54,1.9,1.9,CHI
79,79,79,81,Luol Deng 2010,Taj Gibson 2010,Joakim Noah 2010,Derrick Rose 2010,John Salmons 2010,314.08,-8.4,-8.4,CHI
80,80,80,82,Luol Deng 2010,Taj Gibson 2010,Kirk Hinrich 2010,Brad Miller 2010,Derrick Rose 2010,291.04,9.6,9.6,CHI
81,81,81,83,Luol Deng 2010,Brad Miller 2010,Joakim Noah 2010,Derrick Rose 2010,John Salmons 2010,167.52,2.1,2.2421625,CHI
82,82,82,84,Luol Deng 2010,Kirk Hinrich 2010,Joakim Noah 2010,Derrick Rose 2010,John Salmons 2010,161.17,8.7,7.819257552083332,CHI
83,83,83,85,Luol Deng 2010,Kirk Hinrich 2010,Brad Miller 2010,Joakim Noah 2010,Derrick Rose 2010,88.39,-0.2,1.6428549479166659,CHI
84,84,84,86,Luol Deng 2010,Joakim Noah 2010,Derrick Rose 2010,John Salmons 2010,Tyrus Thomas 2010,85.52,-4.2,-0.08776458333333359,CHI
85,85,85,87,Taj Gibson 2010,Kirk Hinrich 2010,James Johnson 2010,Brad Miller 2010,Derrick Rose 2010,80.28,1.6,2.539728124999999,CHI
86,86,86,88,Luol Deng 2010,Kirk Hinrich 2010,Joakim Noah 2010,Derrick Rose 2010,Tyrus Thomas 2010,67.32,5.0,3.8408656249999993,CHI
87,87,87,89,Taj Gibson 2010,Kirk Hinrich 2010,James Johnson 2010,Brad Miller 2010,Jannero Pargo 2010,59.33,1.7,2.7468492187499995,CHI
88,88,88,90,Luol Deng 2010,Taj Gibson 2010,Kirk Hinrich 2010,Brad Miller 2010,John Salmons 2010,57.27,0.9,2.52447890625,CHI
89,89,89,91,Luol Deng 2010,Taj Gibson 2010,Brad Miller 2010,Derrick Rose 2010,John Salmons 2010,56.41,12.3,5.884191927083332,CHI
90,90,90,92,Luol Deng 2010,Brad Miller 2010,Derrick Rose 2010,John Salmons 2010,Tyrus Thomas 2010,53.56,3.1,3.1829197916666656,CHI
91,91,91,93,Kirk Hinrich 2010,James Johnson 2010,Brad Miller 2010,John Salmons 2010,Tyrus Thomas 2010,53.51,-7.8,0.14514244791666586,CHI
92,92,92,94,Luol Deng 2010,Kirk Hinrich 2010,Brad Miller 2010,Derrick Rose 2010,John Salmons 2010,52.29,-17.0,-2.2904289062500007,CHI
93,93,93,95,Luol Deng 2010,Kirk Hinrich 2010,Brad Miller 2010,John Salmons 2010,Tyrus Thomas 2010,49.08,36.5,11.723478125,CHI
94,94,94,96,Luol Deng 2010,Taj Gibson 2010,Kirk Hinrich 2010,Joakim Noah 2010,John Salmons 2010,43.22,13.1,5.440154687499999,CHI
95,95,95,97,Taj Gibson 2010,Kirk Hinrich 2010,Brad Miller 2010,Derrick Rose 2010,John Salmons 2010,38.18,2.8,3.1324755208333324,CHI
96,96,96,98,Luol Deng 2010,Kirk Hinrich 2010,Brad Miller 2010,Joakim Noah 2010,John Salmons 2010,35.42,19.7,6.256139062499999,CHI
97,97,97,99,Luol Deng 2010,Kirk Hinrich 2010,Brad Miller 2010,Derrick Rose 2010,Hakim Warrick 2010,35.23,-17.1,-0.5125908854166674,CHI
98,98,98,100,J.J. Hickson 2010,LeBron James 2010,Shaquille O'Neal* 2010,Anthony Parker 2010,Mo Williams 2010,383.57,-6.0,-6.0,CLE
99,99,99,101,J.J. Hickson 2010,LeBron James 2010,Antawn Jamison 2010,Anthony Parker 2010,Mo Williams 2010,239.42,9.1,9.1,CLE
100,100,100,102,Daniel Gibson 2010,J.J. Hickson 2010,LeBron James 2010,Shaquille O'Neal* 2010,Anthony Parker 2010,138.33,12.7,13.08994609375,CLE
101,101,101,103,LeBron James 2010,Shaquille O'Neal* 2010,Anthony Parker 2010,Anderson Varejão 2010,Mo Williams 2010,136.6,-5.0,0.5097031250000001,CLE
102,102,102,104,J.J. Hickson 2010,Zydrunas Ilgauskas 2010,LeBron James 2010,Anthony Parker 2010,Mo Williams 2010,119.18,4.4,8.077030729166667,CLE
103,103,103,105,Zydrunas Ilgauskas 2010,LeBron James 2010,Anthony Parker 2010,Anderson Varejão 2010,Mo Williams 2010,96.52,29.8,21.990034375,CLE
104,104,104,106,J.J. Hickson 2010,LeBron James 2010,Anthony Parker 2010,Anderson Varejão 2010,Mo Williams 2010,94.12,16.4,15.224930208333333,CLE
105,105,105,107,LeBron James 2010,Antawn Jamison 2010,Anthony Parker 2010,Anderson Varejão 2010,Mo Williams 2010,67.35,30.6,19.88464453125,CLE
106,106,106,108,Zydrunas Ilgauskas 2010,LeBron James 2010,Anthony Parker 2010,Anderson Varejão 2010,Delonte West 2010,65.5,12.5,13.550872395833332,CLE
107,107,107,109,Zydrunas Ilgauskas 2010,LeBron James 2010,Jamario Moon 2010,Anderson Varejão 2010,Jawad Williams 2010,57.36,28.8,18.48811875,CLE
108,108,108,110,Zydrunas Ilgauskas 2010,LeBron James 2010,Anderson Varejão 2010,Delonte West 2010,Mo Williams 2010,57.15,10.0,12.87609765625,CLE
109,109,109,111,Daniel Gibson 2010,Zydrunas Ilgauskas 2010,Jamario Moon 2010,Anderson Varejão 2010,Mo Williams 2010,53.55,2.2,10.77741015625,CLE
110,110,110,112,Jamario Moon 2010,Shaquille O'Neal* 2010,Anderson Varejão 2010,Delonte West 2010,Mo Williams 2010,47.57,2.3,11.172665885416665,CLE
111,111,111,113,Daniel Gibson 2010,Zydrunas Ilgauskas 2010,Jamario Moon 2010,Anderson Varejão 2010,Delonte West 2010,44.4,-19.5,6.32615625,CLE
112,112,112,114,Daniel Gibson 2010,Zydrunas Ilgauskas 2010,LeBron James 2010,Jamario Moon 2010,Anderson Varejão 2010,41.39,4.9,12.112807031249998,CLE
113,113,113,115,Daniel Gibson 2010,Zydrunas Ilgauskas 2010,LeBron James 2010,Anderson Varejão 2010,Delonte West 2010,41.29,52.8,22.418590885416666,CLE
114,114,114,116,LeBron James 2010,Shaquille O'Neal* 2010,Anderson Varejão 2010,Delonte West 2010,Mo Williams 2010,41.01,26.6,16.76598984375,CLE
115,115,115,117,Zydrunas Ilgauskas 2010,LeBron James 2010,Jamario Moon 2010,Anderson Varejão 2010,Delonte West 2010,40.05,21.1,15.55619921875,CLE
116,116,116,118,LeBron James 2010,Antawn Jamison 2010,Shaquille O'Neal* 2010,Anthony Parker 2010,Mo Williams 2010,36.39,17.9,14.816166406249998,CLE
117,117,117,119,LeBron James 2010,Antawn Jamison 2010,Anthony Parker 2010,Anderson Varejão 2010,Delonte West 2010,35.14,30.3,17.060852604166666,CLE
118,118,118,120,Erick Dampier 2010,Jason Kidd* 2010,Shawn Marion 2010,Dirk Nowitzki 2010,Jason Terry 2010,343.1,18.7,18.7,DAL
119,119,119,121,Caron Butler 2010,Brendan Haywood 2010,Jason Kidd* 2010,Shawn Marion 2010,Dirk Nowitzki 2010,220.27,2.4,2.4,DAL
120,120,120,122,J.J. Barea 2010,Erick Dampier 2010,Jason Kidd* 2010,Shawn Marion 2010,Dirk Nowitzki 2010,177.11,14.8,14.2951359375,DAL
121,121,121,123,Drew Gooden 2010,Jason Kidd* 2010,Shawn Marion 2010,Dirk Nowitzki 2010,Jason Terry 2010,148.16,-2.9,-0.3449499999999994,DAL
122,122,122,124,J.J. Barea 2010,Drew Gooden 2010,Josh Howard 2010,Dirk Nowitzki 2010,Jason Terry 2010,97.58,-6.9,0.5699989583333331,DAL
123,123,123,125,Erick Dampier 2010,Josh Howard 2010,Jason Kidd* 2010,Shawn Marion 2010,Dirk Nowitzki 2010,96.17,16.6,12.4523578125,DAL
124,124,124,126,Caron Butler 2010,Brendan Haywood 2010,Jason Kidd* 2010,Dirk Nowitzki 2010,Jason Terry 2010,93.5,21.5,14.722994791666665,DAL
125,125,125,127,Drew Gooden 2010,Josh Howard 2010,Jason Kidd* 2010,Dirk Nowitzki 2010,Jason Terry 2010,82.23,3.5,6.2385328125,DAL
126,126,126,128,Drew Gooden 2010,Josh Howard 2010,Jason Kidd* 2010,Shawn Marion 2010,Jason Terry 2010,82.09,1.1,5.215900520833333,DAL
127,127,127,129,Rodrigue Beaubois 2010,Erick Dampier 2010,Jason Kidd* 2010,Shawn Marion 2010,Dirk Nowitzki 2010,79.2,2.1,5.736624999999997,DAL
128,128,128,130,Brendan Haywood 2010,Jason Kidd* 2010,Shawn Marion 2010,Dirk Nowitzki 2010,Jason Terry 2010,74.04,6.7,7.676856249999997,DAL
129,129,129,131,Erick Dampier 2010,Josh Howard 2010,Jason Kidd* 2010,Dirk Nowitzki 2010,Jason Terry 2010,70.42,18.4,11.998053124999998,DAL
130,130,130,132,Rodrigue Beaubois 2010,Drew Gooden 2010,Jason Kidd* 2010,Shawn Marion 2010,Dirk Nowitzki 2010,60.23,9.2,8.575465104166666,DAL
131,131,131,133,J.J. Barea 2010,Drew Gooden 2010,Jason Kidd* 2010,Dirk Nowitzki 2010,Jason Terry 2010,53.11,2.1,6.577755729166666,DAL
132,132,132,134,Rodrigue Beaubois 2010,Caron Butler 2010,Jason Kidd* 2010,Shawn Marion 2010,Dirk Nowitzki 2010,53.03,11.5,9.1765953125,DAL
133,133,133,135,Caron Butler 2010,Erick Dampier 2010,Jason Kidd* 2010,Shawn Marion 2010,Dirk Nowitzki 2010,46.39,-4.2,5.272233854166666,DAL
134,134,134,136,Josh Howard 2010,Jason Kidd* 2010,Shawn Marion 2010,Dirk Nowitzki 2010,Jason Terry 2010,44.22,-11.6,3.7090843749999993,DAL
135,135,135,137,Rodrigue Beaubois 2010,Drew Gooden 2010,Jason Kidd* 2010,Dirk Nowitzki 2010,Quinton Ross 2010,39.16,10.8,8.801935416666666,DAL
136,136,136,138,J.J. Barea 2010,Drew Gooden 2010,Shawn Marion 2010,Dirk Nowitzki 2010,Jason Terry 2010,37.58,49.3,16.316853124999998,DAL
137,137,137,139,Caron Butler 2010,Erick Dampier 2010,Jason Kidd* 2010,Dirk Nowitzki 2010,DeShawn Stevenson 2010,37.09,2.7,7.210140104166666,DAL
138,138,138,140,Arron Afflalo 2010,Carmelo Anthony 2010,Chauncey Billups 2010,Nene 2010,Kenyon Martin 2010,536.33,7.3,7.3,DEN
139,139,139,141,Arron Afflalo 2010,Carmelo Anthony 2010,Chauncey Billups 2010,Nene 2010,Johan Petro 2010,215.12,4.8,4.8,DEN
140,140,140,142,Carmelo Anthony 2010,Chauncey Billups 2010,Nene 2010,Kenyon Martin 2010,J.R. Smith 2010,126.11,8.9,8.699241406250001,DEN
141,141,141,143,Chris Andersen 2010,Carmelo Anthony 2010,Chauncey Billups 2010,Kenyon Martin 2010,J.R. Smith 2010,121.54,17.7,14.255900520833334,DEN
142,142,142,144,Chris Andersen 2010,Carmelo Anthony 2010,Chauncey Billups 2010,Nene 2010,J.R. Smith 2010,119.11,7.6,7.871439322916666,DEN
143,143,143,145,Chris Andersen 2010,Carmelo Anthony 2010,Ty Lawson 2010,Kenyon Martin 2010,J.R. Smith 2010,111.21,6.4,7.205796093750001,DEN
144,144,144,146,Arron Afflalo 2010,Chauncey Billups 2010,Joey Graham 2010,Nene 2010,Kenyon Martin 2010,105.43,-15.2,-4.597429427083334,DEN
145,145,145,147,Carmelo Anthony 2010,Chauncey Billups 2010,Anthony Carter 2010,Nene 2010,Kenyon Martin 2010,102.01,16.1,12.451186718750002,DEN
146,146,146,148,Arron Afflalo 2010,Carmelo Anthony 2010,Chauncey Billups 2010,Joey Graham 2010,Nene 2010,91.14,-4.1,2.4217546875000022,DEN
147,147,147,149,Chris Andersen 2010,Carmelo Anthony 2010,Nene 2010,Ty Lawson 2010,J.R. Smith 2010,80.57,28.2,16.659450260416666,DEN
148,148,148,150,Arron Afflalo 2010,Chris Andersen 2010,Nene 2010,Ty Lawson 2010,J.R. Smith 2010,78.13,38.2,20.476015885416672,DEN
149,149,149,151,Arron Afflalo 2010,Carmelo Anthony 2010,Nene 2010,Ty Lawson 2010,Kenyon Martin 2010,75.47,4.5,6.815426822916668,DEN
150,150,150,152,Arron Afflalo 2010,Chris Andersen 2010,Carmelo Anthony 2010,Chauncey Billups 2010,Nene 2010,74.54,4.9,6.989197395833335,DEN
151,151,151,153,Arron Afflalo 2010,Carmelo Anthony 2010,Chauncey Billups 2010,Nene 2010,J.R. Smith 2010,65.16,11.5,9.395909375,DEN
152,152,152,154,Arron Afflalo 2010,Malik Allen 2010,Carmelo Anthony 2010,Chauncey Billups 2010,Nene 2010,64.56,-7.7,2.9299562500000014,DEN
153,153,153,155,Chris Andersen 2010,Carmelo Anthony 2010,Anthony Carter 2010,Nene 2010,J.R. Smith 2010,61.5,39.7,18.3680078125,DEN
154,154,154,156,Arron Afflalo 2010,Chauncey Billups 2010,Nene 2010,Kenyon Martin 2010,J.R. Smith 2010,54.39,-6.6,4.089860156250001,DEN
155,155,155,157,Arron Afflalo 2010,Chris Andersen 2010,Anthony Carter 2010,Nene 2010,J.R. Smith 2010,49.57,4.0,7.200965885416667,DEN
156,156,156,158,Chris Andersen 2010,Chauncey Billups 2010,Nene 2010,Ty Lawson 2010,J.R. Smith 2010,47.37,10.4,8.829408593750003,DEN
157,157,157,159,Arron Afflalo 2010,Joey Graham 2010,Nene 2010,Ty Lawson 2010,Kenyon Martin 2010,45.2,-10.3,3.93271875,DEN
158,158,158,160,Richard Hamilton 2010,Jonas Jerebko 2010,Tayshaun Prince 2010,Rodney Stuckey 2010,Ben Wallace 2010,304.45,4.0,4.0,DET
159,159,159,161,Will Bynum 2010,Richard Hamilton 2010,Jonas Jerebko 2010,Jason Maxiell 2010,Tayshaun Prince 2010,184.59,-9.9,-9.55091953125,DET
160,160,160,162,Ben Gordon 2010,Jonas Jerebko 2010,Rodney Stuckey 2010,Charlie Villanueva 2010,Ben Wallace 2010,167.1,-3.7,-3.3310390625,DET
161,161,161,163,Chucky Atkins 2010,Jonas Jerebko 2010,Jason Maxiell 2010,Rodney Stuckey 2010,Ben Wallace 2010,138.3,5.9,4.0107109375,DET
162,162,162,164,Richard Hamilton 2010,Jonas Jerebko 2010,Rodney Stuckey 2010,Ben Wallace 2010,Chris Wilcox 2010,75.12,-10.7,-4.70685625,DET
163,163,163,165,Will Bynum 2010,Ben Gordon 2010,Rodney Stuckey 2010,Charlie Villanueva 2010,Ben Wallace 2010,71.38,17.8,6.080384895833332,DET
164,164,164,166,Will Bynum 2010,Ben Gordon 2010,Jason Maxiell 2010,Tayshaun Prince 2010,Charlie Villanueva 2010,67.23,-31.1,-11.44547578125,DET
165,165,165,167,Richard Hamilton 2010,Jonas Jerebko 2010,Jason Maxiell 2010,Tayshaun Prince 2010,Rodney Stuckey 2010,67.12,11.0,3.289310416666667,DET
166,166,166,168,Richard Hamilton 2010,Jonas Jerebko 2010,Rodney Stuckey 2010,Charlie Villanueva 2010,Ben Wallace 2010,58.44,-0.5,-0.746946875,DET
167,167,167,169,Ben Gordon 2010,Tayshaun Prince 2010,Rodney Stuckey 2010,Charlie Villanueva 2010,Ben Wallace 2010,54.44,15.2,3.6972614583333328,DET
168,168,168,170,Richard Hamilton 2010,Tayshaun Prince 2010,Rodney Stuckey 2010,Ben Wallace 2010,Chris Wilcox 2010,53.13,-26.5,-7.95145234375,DET
169,169,169,171,Ben Gordon 2010,Richard Hamilton 2010,Tayshaun Prince 2010,Rodney Stuckey 2010,Ben Wallace 2010,49.51,0.7,-0.4540205729166668,DET
170,170,170,172,Will Bynum 2010,Ben Gordon 2010,Jason Maxiell 2010,Rodney Stuckey 2010,Charlie Villanueva 2010,45.35,6.2,0.8113763020833334,DET
171,171,171,173,Richard Hamilton 2010,Tayshaun Prince 2010,Rodney Stuckey 2010,Charlie Villanueva 2010,Ben Wallace 2010,45.35,-28.6,-7.408311197916667,DET
172,172,172,174,Will Bynum 2010,Jonas Jerebko 2010,Rodney Stuckey 2010,Charlie Villanueva 2010,Ben Wallace 2010,42.47,7.1,0.9046294270833332,DET
173,173,173,175,Richard Hamilton 2010,Jason Maxiell 2010,Tayshaun Prince 2010,Rodney Stuckey 2010,Ben Wallace 2010,40.45,20.5,3.6440091145833335,DET
174,174,174,176,Chucky Atkins 2010,Jonas Jerebko 2010,Rodney Stuckey 2010,Charlie Villanueva 2010,Ben Wallace 2010,40.27,-8.1,-2.37456328125,DET
175,175,175,177,Will Bynum 2010,Jonas Jerebko 2010,Tayshaun Prince 2010,Rodney Stuckey 2010,Ben Wallace 2010,40.04,15.9,2.639115625,DET
176,176,176,178,Will Bynum 2010,Ben Gordon 2010,Jonas Jerebko 2010,Tayshaun Prince 2010,Ben Wallace 2010,38.46,12.4,1.8001421875,DET
177,177,177,179,Ben Gordon 2010,Jason Maxiell 2010,Tayshaun Prince 2010,Rodney Stuckey 2010,Charlie Villanueva 2010,35.01,-14.7,-3.37954921875,DET
178,178,178,180,Stephen Curry 2010,Monta Ellis 2010,Mikki Moore 2010,Anthony Morrow 2010,Vladimir Radmanovi? 2010,124.21,-17.2,-12.4,GSW
179,179,179,181,Stephen Curry 2010,Anthony Morrow 2010,Anthony Tolliver 2010,Ronny Turiaf 2010,C.J. Watson 2010,99.13,17.5,8.911674768518516,GSW
180,180,180,182,Stephen Curry 2010,Monta Ellis 2010,Corey Maggette 2010,Anthony Morrow 2010,Anthony Randolph 2010,77.5,-20.0,-8.225318287037037,GSW
181,181,181,183,Stephen Curry 2010,Monta Ellis 2010,Corey Maggette 2010,Anthony Randolph 2010,C.J. Watson 2010,72.4,-9.3,-3.666064814814816,GSW
182,182,182,184,Stephen Curry 2010,Monta Ellis 2010,Devean George 2010,Anthony Tolliver 2010,Reggie Williams 2010,66.48,4.6,1.4256805555555552,GSW
183,183,183,186,Stephen Curry 2010,Monta Ellis 2010,Corey Maggette 2010,Anthony Tolliver 2010,Reggie Williams 2010,45.38,-12.6,-3.1732164351851857,GSW
184,184,184,187,Devean George 2010,Anthony Morrow 2010,Anthony Tolliver 2010,C.J. Watson 2010,Reggie Williams 2010,44.02,14.1,3.0357546296296287,GSW
185,185,185,188,Stephen Curry 2010,Monta Ellis 2010,Chris Hunter 2010,Corey Maggette 2010,Anthony Tolliver 2010,43.25,-13.1,-3.148900462962964,GSW
186,186,186,189,Stephen Curry 2010,Monta Ellis 2010,Anthony Morrow 2010,Vladimir Radmanovi? 2010,Anthony Randolph 2010,43.08,43.3,9.517222222222221,GSW
187,187,187,190,Andris Biedrins 2010,Stephen Curry 2010,Monta Ellis 2010,Devean George 2010,Corey Maggette 2010,41.02,-0.3,-0.2650509259259263,GSW
188,188,188,191,Andris Biedrins 2010,Stephen Curry 2010,Monta Ellis 2010,Corey Maggette 2010,Anthony Tolliver 2010,40.58,2.5,0.3268425925925921,GSW
189,189,189,192,Stephen Curry 2010,Monta Ellis 2010,Corey Maggette 2010,Vladimir Radmanovi? 2010,Anthony Randolph 2010,40.5,-25.7,-5.622743055555557,GSW
190,190,190,193,Stephen Curry 2010,Chris Hunter 2010,Anthony Morrow 2010,Anthony Tolliver 2010,C.J. Watson 2010,39.09,1.4,0.08150520833333298,GSW
191,191,191,195,Monta Ellis 2010,Corey Maggette 2010,Anthony Morrow 2010,Anthony Randolph 2010,C.J. Watson 2010,37.08,-1.2,-0.4379513888888893,GSW
192,192,192,196,Stephen Curry 2010,Chris Hunter 2010,Corey Maggette 2010,Anthony Morrow 2010,C.J. Watson 2010,34.02,-21.9,-4.090680555555556,GSW
193,193,193,197,Monta Ellis 2010,Corey Maggette 2010,Anthony Morrow 2010,Vladimir Radmanovi? 2010,C.J. Watson 2010,33.51,-5.7,-1.2057812500000005,GSW
194,194,194,198,Stephen Curry 2010,Monta Ellis 2010,Corey Maggette 2010,Anthony Morrow 2010,Anthony Tolliver 2010,33.38,26.8,4.448165509259258,GSW
195,195,195,199,Andris Biedrins 2010,Stephen Curry 2010,Monta Ellis 2010,Corey Maggette 2010,Anthony Morrow 2010,33.28,12.2,1.9034074074074068,GSW
196,196,196,200,Trevor Ariza 2010,Shane Battier 2010,Aaron Brooks 2010,Chuck Hayes 2010,Luis Scola 2010,823.51,0.0,0.0,HOU
197,197,197,201,Trevor Ariza 2010,Aaron Brooks 2010,Chuck Hayes 2010,Kevin Martin 2010,Luis Scola 2010,251.45,-2.9,-2.9,HOU
198,198,198,202,Trevor Ariza 2010,Shane Battier 2010,Aaron Brooks 2010,Carl Landry 2010,Luis Scola 2010,164.47,-2.0,-1.299562239583333,HOU
199,199,199,203,David Andersen 2010,Aaron Brooks 2010,Chase Budinger 2010,Carl Landry 2010,Kyle Lowry 2010,133.24,17.9,13.304784375,HOU
200,200,200,204,David Andersen 2010,Shane Battier 2010,Chase Budinger 2010,Carl Landry 2010,Kyle Lowry 2010,113.21,-3.3,-0.7618950520833332,HOU
201,201,201,205,Shane Battier 2010,Aaron Brooks 2010,Chuck Hayes 2010,Kevin Martin 2010,Luis Scola 2010,110.44,22.9,14.397794791666666,HOU
202,202,202,206,David Andersen 2010,Trevor Ariza 2010,Chase Budinger 2010,Carl Landry 2010,Kyle Lowry 2010,95.59,12.8,7.821327343750001,HOU
203,203,203,207,Trevor Ariza 2010,Chase Budinger 2010,Carl Landry 2010,Kyle Lowry 2010,Luis Scola 2010,84.22,-7.6,-1.7142015625,HOU
204,204,204,208,Trevor Ariza 2010,Aaron Brooks 2010,Carl Landry 2010,Kyle Lowry 2010,Luis Scola 2010,71.49,-10.6,-2.1360554687499995,HOU
205,205,205,209,Trevor Ariza 2010,Shane Battier 2010,Aaron Brooks 2010,Chuck Hayes 2010,Carl Landry 2010,67.0,-9.5,-1.436848958333333,HOU
206,206,206,210,Trevor Ariza 2010,Aaron Brooks 2010,Chase Budinger 2010,Chuck Hayes 2010,Luis Scola 2010,55.25,14.7,6.2848893229166665,HOU
207,207,207,211,Trevor Ariza 2010,Shane Battier 2010,Carl Landry 2010,Kyle Lowry 2010,Luis Scola 2010,52.21,-4.1,0.9855893229166666,HOU
208,208,208,212,David Andersen 2010,Trevor Ariza 2010,Aaron Brooks 2010,Carl Landry 2010,Kyle Lowry 2010,49.25,2.2,2.709290364583333,HOU
209,209,209,213,Trevor Ariza 2010,Aaron Brooks 2010,Chuck Hayes 2010,Luis Scola 2010,Jermaine Taylor 2010,48.2,-9.2,-0.14883854166666666,HOU
210,210,210,214,Trevor Ariza 2010,Shane Battier 2010,Aaron Brooks 2010,Carl Landry 2010,Kyle Lowry 2010,48.17,16.4,6.27571640625,HOU
211,211,211,215,Trevor Ariza 2010,Shane Battier 2010,Chuck Hayes 2010,Kyle Lowry 2010,Luis Scola 2010,47.18,-3.3,1.3651651041666666,HOU
212,212,212,216,David Andersen 2010,Shane Battier 2010,Aaron Brooks 2010,Carl Landry 2010,Kyle Lowry 2010,43.13,22.5,7.291223697916667,HOU
213,213,213,217,David Andersen 2010,Trevor Ariza 2010,Shane Battier 2010,Carl Landry 2010,Kyle Lowry 2010,38.28,18.2,5.938428125,HOU
214,214,214,218,Trevor Ariza 2010,Aaron Brooks 2010,Chase Budinger 2010,Carl Landry 2010,Luis Scola 2010,36.03,-16.6,-0.7714820312500001,HOU
215,215,215,219,Trevor Ariza 2010,Shane Battier 2010,Aaron Brooks 2010,Kyle Lowry 2010,Luis Scola 2010,31.43,-0.8,2.281773177083333,HOU
216,216,216,220,Danny Granger 2010,Roy Hibbert 2010,Troy Murphy 2010,Brandon Rush 2010,Earl Watson 2010,426.34,3.1,3.1,IND
217,217,217,221,Danny Granger 2010,Roy Hibbert 2010,Dahntay Jones 2010,Brandon Rush 2010,Earl Watson 2010,90.44,14.6,3.4250592105263147,IND
218,218,218,222,T.J. Ford 2010,Danny Granger 2010,Roy Hibbert 2010,Dahntay Jones 2010,Brandon Rush 2010,90.05,12.7,2.4910265899122805,IND
219,219,219,223,T.J. Ford 2010,Danny Granger 2010,Roy Hibbert 2010,Troy Murphy 2010,Brandon Rush 2010,81.52,-17.0,-10.973267543859649,IND
220,220,220,224,Mike Dunleavy 2010,Roy Hibbert 2010,Dahntay Jones 2010,Troy Murphy 2010,Earl Watson 2010,78.2,-31.5,-16.697889254385966,IND
221,221,221,225,Mike Dunleavy 2010,Danny Granger 2010,Troy Murphy 2010,Brandon Rush 2010,Earl Watson 2010,69.14,-11.2,-8.209328947368421,IND
222,222,222,226,T.J. Ford 2010,Danny Granger 2010,Troy Murphy 2010,Brandon Rush 2010,Earl Watson 2010,63.51,1.0,-4.0367516447368414,IND
223,223,223,227,T.J. Ford 2010,Roy Hibbert 2010,Dahntay Jones 2010,Troy Murphy 2010,Brandon Rush 2010,56.33,-18.3,-9.980543037280698,IND
224,224,224,228,Danny Granger 2010,Dahntay Jones 2010,Troy Murphy 2010,Brandon Rush 2010,Earl Watson 2010,56.31,-5.8,-6.3133009868421075,IND
225,225,225,229,Mike Dunleavy 2010,Roy Hibbert 2010,Troy Murphy 2010,Brandon Rush 2010,Earl Watson 2010,51.3,-18.2,-9.645378289473683,IND
226,226,226,230,Mike Dunleavy 2010,Luther Head 2010,Roy Hibbert 2010,Dahntay Jones 2010,Earl Watson 2010,47.31,-10.2,-7.431534539473684,IND
227,227,227,231,Danny Granger 2010,Roy Hibbert 2010,Troy Murphy 2010,A.J. Price 2010,Brandon Rush 2010,44.11,3.6,-4.199900219298246,IND
228,228,228,232,Roy Hibbert 2010,Dahntay Jones 2010,Troy Murphy 2010,Brandon Rush 2010,Earl Watson 2010,43.02,-9.4,-7.170200657894738,IND
229,229,229,233,Danny Granger 2010,Josh McRoberts 2010,Troy Murphy 2010,Brandon Rush 2010,Earl Watson 2010,42.22,-5.9,-6.388591557017545,IND
230,230,230,234,Danny Granger 2010,Solomon Jones 2010,Troy Murphy 2010,Brandon Rush 2010,Earl Watson 2010,38.15,-31.0,-11.38918585526316,IND
231,231,231,235,Danny Granger 2010,Luther Head 2010,Roy Hibbert 2010,Troy Murphy 2010,Earl Watson 2010,34.51,-15.5,-8.139242050438597,IND
232,232,232,237,Mike Dunleavy 2010,Danny Granger 2010,Troy Murphy 2010,A.J. Price 2010,Brandon Rush 2010,31.24,-9.5,-7.01015899122807,IND
233,233,233,238,Roy Hibbert 2010,Dahntay Jones 2010,Josh McRoberts 2010,A.J. Price 2010,Brandon Rush 2010,30.4,11.6,-3.656315789473685,IND
234,234,234,239,Mike Dunleavy 2010,T.J. Ford 2010,Roy Hibbert 2010,Troy Murphy 2010,Brandon Rush 2010,30.26,12.9,-3.464647478070176,IND
235,235,235,240,Rasual Butler 2010,Marcus Camby 2010,Baron Davis 2010,Eric Gordon 2010,Chris Kaman 2010,406.45,9.0,9.0,LAC
236,236,236,241,Rasual Butler 2010,Baron Davis 2010,Drew Gooden 2010,Eric Gordon 2010,Chris Kaman 2010,302.24,-5.2,-5.2,LAC
237,237,237,242,Marcus Camby 2010,Baron Davis 2010,Eric Gordon 2010,Chris Kaman 2010,Al Thornton 2010,262.08,5.5,5.5,LAC
238,238,238,243,Rasual Butler 2010,Marcus Camby 2010,Baron Davis 2010,Chris Kaman 2010,Al Thornton 2010,257.34,-10.1,-10.1,LAC
239,239,239,244,Rasual Butler 2010,Marcus Camby 2010,Baron Davis 2010,Eric Gordon 2010,DeAndre Jordan 2010,85.58,-6.4,-5.831872395833333,LAC
240,240,240,245,Rasual Butler 2010,Baron Davis 2010,Drew Gooden 2010,Chris Kaman 2010,Travis Outlaw 2010,60.46,-23.5,-11.082486979166665,LAC
241,241,241,246,Steve Blake 2010,Rasual Butler 2010,Drew Gooden 2010,Eric Gordon 2010,Chris Kaman 2010,59.11,-0.7,-3.9357330729166655,LAC
242,242,242,247,Rasual Butler 2010,Baron Davis 2010,Eric Gordon 2010,Chris Kaman 2010,Craig Smith 2010,55.13,20.4,2.0259153645833345,LAC
243,243,243,248,Rasual Butler 2010,Marcus Camby 2010,Baron Davis 2010,Ricky Davis 2010,Chris Kaman 2010,50.35,-8.6,-6.220722656249999,LAC
244,244,244,249,Steve Blake 2010,Rasual Butler 2010,DeAndre Jordan 2010,Chris Kaman 2010,Travis Outlaw 2010,48.2,-4.6,-5.1804427083333335,LAC
245,245,245,250,Rasual Butler 2010,Marcus Camby 2010,Baron Davis 2010,Eric Gordon 2010,Craig Smith 2010,47.16,11.3,-1.2792031249999989,LAC
246,246,246,251,Steve Blake 2010,Rasual Butler 2010,Eric Gordon 2010,DeAndre Jordan 2010,Chris Kaman 2010,42.01,-38.4,-12.60093880208333,LAC
247,247,247,252,Rasual Butler 2010,Eric Gordon 2010,Chris Kaman 2010,Craig Smith 2010,Sebastian Telfair 2010,37.51,-18.6,-7.9586966145833316,LAC
248,248,248,253,Rasual Butler 2010,Baron Davis 2010,Eric Gordon 2010,DeAndre Jordan 2010,Chris Kaman 2010,34.52,-9.0,-6.026744791666665,LAC
249,249,249,254,Steve Blake 2010,Rasual Butler 2010,DeAndre Jordan 2010,Travis Outlaw 2010,Craig Smith 2010,34.48,17.6,-1.2490729166666652,LAC
250,250,250,255,Steve Blake 2010,Rasual Butler 2010,Baron Davis 2010,Drew Gooden 2010,Chris Kaman 2010,34.05,-51.2,-13.50177734375,LAC
251,251,251,256,Rasual Butler 2010,Baron Davis 2010,Eric Gordon 2010,Chris Kaman 2010,Al Thornton 2010,33.29,-22.7,-8.37890234375,LAC
252,252,252,257,Rasual Butler 2010,Chris Kaman 2010,Craig Smith 2010,Sebastian Telfair 2010,Al Thornton 2010,27.54,-10.6,-6.1244609374999985,LAC
253,253,253,258,Rasual Butler 2010,Marcus Camby 2010,Chris Kaman 2010,Sebastian Telfair 2010,Al Thornton 2010,27.17,12.4,-2.8596523437499988,LAC
254,254,254,259,Rasual Butler 2010,Marcus Camby 2010,Baron Davis 2010,Eric Gordon 2010,Al Thornton 2010,26.57,25.9,-1.0469960937499985,LAC
255,255,255,260,Metta World Peace 2010,Kobe Bryant* 2010,Andrew Bynum 2010,Derek Fisher 2010,Pau Gasol 2010,668.17,12.7,12.7,LAL
256,256,256,261,Metta World Peace 2010,Kobe Bryant* 2010,Derek Fisher 2010,Pau Gasol 2010,Lamar Odom 2010,432.38,3.6,3.6,LAL
257,257,257,262,Metta World Peace 2010,Kobe Bryant* 2010,Andrew Bynum 2010,Derek Fisher 2010,Lamar Odom 2010,398.14,5.0,5.0,LAL
258,258,258,263,Shannon Brown 2010,Kobe Bryant* 2010,Jordan Farmar 2010,Pau Gasol 2010,Lamar Odom 2010,169.18,9.5,9.449486979166666,LAL
259,259,259,264,Metta World Peace 2010,Shannon Brown 2010,Derek Fisher 2010,Pau Gasol 2010,Lamar Odom 2010,142.29,22.3,18.87596484375,LAL
260,260,260,265,Shannon Brown 2010,Kobe Bryant* 2010,Andrew Bynum 2010,Jordan Farmar 2010,Lamar Odom 2010,126.43,-9.1,-2.8930481770833336,LAL
261,261,261,266,Metta World Peace 2010,Shannon Brown 2010,Jordan Farmar 2010,Pau Gasol 2010,Lamar Odom 2010,111.26,6.1,7.351049479166668,LAL
262,262,262,267,Metta World Peace 2010,Kobe Bryant* 2010,Jordan Farmar 2010,Pau Gasol 2010,Lamar Odom 2010,96.2,11.7,10.390234375,LAL
263,263,263,268,Metta World Peace 2010,Shannon Brown 2010,Andrew Bynum 2010,Jordan Farmar 2010,Lamar Odom 2010,80.18,8.3,8.751356770833334,LAL
264,264,264,269,Kobe Bryant* 2010,Andrew Bynum 2010,Derek Fisher 2010,Pau Gasol 2010,Lamar Odom 2010,77.13,8.2,8.72349609375,LAL
265,265,265,270,Metta World Peace 2010,Kobe Bryant* 2010,Andrew Bynum 2010,Jordan Farmar 2010,Lamar Odom 2010,58.44,28.6,15.017921875,LAL
266,266,266,271,Shannon Brown 2010,Kobe Bryant* 2010,Derek Fisher 2010,Pau Gasol 2010,Lamar Odom 2010,47.22,28.6,13.876929687500002,LAL
267,267,267,272,Shannon Brown 2010,Kobe Bryant* 2010,Andrew Bynum 2010,Derek Fisher 2010,Lamar Odom 2010,38.4,37.3,14.72,LAL
268,268,268,273,Shannon Brown 2010,Jordan Farmar 2010,D.J. Mbenga 2010,Adam Morrison 2010,Josh Powell 2010,37.44,1.3,7.558875000000001,LAL
269,269,269,274,Shannon Brown 2010,Jordan Farmar 2010,Pau Gasol 2010,Lamar Odom 2010,Sasha Vujaci? 2010,37.21,8.4,8.944183593750003,LAL
270,270,270,275,Metta World Peace 2010,Shannon Brown 2010,Kobe Bryant* 2010,Pau Gasol 2010,Lamar Odom 2010,37.21,4.2,8.13021484375,LAL
271,271,271,276,Metta World Peace 2010,Shannon Brown 2010,Andrew Bynum 2010,Derek Fisher 2010,Pau Gasol 2010,35.31,-22.1,3.34172265625,LAL
272,272,272,277,Metta World Peace 2010,Kobe Bryant* 2010,Derek Fisher 2010,D.J. Mbenga 2010,Lamar Odom 2010,33.47,14.7,10.05556640625,LAL
273,273,273,278,Shannon Brown 2010,Kobe Bryant* 2010,Jordan Farmar 2010,Pau Gasol 2010,Josh Powell 2010,30.46,-25.1,3.6532786458333337,LAL
274,274,274,279,Shannon Brown 2010,Kobe Bryant* 2010,Andrew Bynum 2010,Jordan Farmar 2010,Josh Powell 2010,29.26,27.3,11.852414062500005,LAL
275,275,275,280,Mike Conley 2010,Marc Gasol 2010,Rudy Gay 2010,O.J. Mayo 2010,Zach Randolph 2010,473.34,6.4,6.4,MEM
276,276,276,281,Mike Conley 2010,Rudy Gay 2010,O.J. Mayo 2010,Zach Randolph 2010,Hasheem Thabeet 2010,260.4,-8.4,-8.4,MEM
277,277,277,282,Marc Gasol 2010,Rudy Gay 2010,O.J. Mayo 2010,Zach Randolph 2010,Jamaal Tinsley 2010,80.26,7.2,2.4626895833333338,MEM
278,278,278,283,Marc Gasol 2010,Rudy Gay 2010,O.J. Mayo 2010,Zach Randolph 2010,Marcus Williams 2010,67.15,-7.2,-3.1293697916666665,MEM
279,279,279,284,Darrell Arthur 2010,Mike Conley 2010,Rudy Gay 2010,O.J. Mayo 2010,Zach Randolph 2010,60.06,12.6,3.29548125,MEM
280,280,280,285,Mike Conley 2010,Marc Gasol 2010,O.J. Mayo 2010,Zach Randolph 2010,Sam Young 2010,57.4,-9.9,-3.6186666666666665,MEM
281,281,281,286,Mike Conley 2010,Marc Gasol 2010,Rudy Gay 2010,Zach Randolph 2010,Sam Young 2010,55.33,7.8,1.5786677083333334,MEM
282,282,282,287,Mike Conley 2010,Rudy Gay 2010,O.J. Mayo 2010,Zach Randolph 2010,Sam Young 2010,44.02,-26.1,-6.708454166666668,MEM
283,283,283,288,Rudy Gay 2010,Zach Randolph 2010,Hasheem Thabeet 2010,Jamaal Tinsley 2010,Sam Young 2010,41.48,14.3,2.352475000000001,MEM
284,284,284,289,Darrell Arthur 2010,Rudy Gay 2010,Zach Randolph 2010,Marcus Williams 2010,Sam Young 2010,40.51,-7.1,-2.2396958333333323,MEM
285,285,285,290,O.J. Mayo 2010,Zach Randolph 2010,Hasheem Thabeet 2010,Jamaal Tinsley 2010,Sam Young 2010,40.31,-13.9,-3.660925,MEM
286,286,286,291,DeMarre Carroll 2010,Mike Conley 2010,Marc Gasol 2010,O.J. Mayo 2010,Zach Randolph 2010,40.12,-2.4,-1.245079166666666,MEM
287,287,287,292,DeMarre Carroll 2010,Mike Conley 2010,Rudy Gay 2010,O.J. Mayo 2010,Zach Randolph 2010,37.25,-19.4,-4.521432291666666,MEM
288,288,288,293,DeMarre Carroll 2010,Mike Conley 2010,Marc Gasol 2010,Rudy Gay 2010,O.J. Mayo 2010,36.24,6.5,0.4643000000000005,MEM
289,289,289,294,Marc Gasol 2010,Rudy Gay 2010,Hasheem Thabeet 2010,Jamaal Tinsley 2010,Sam Young 2010,35.28,2.9,-0.2343999999999995,MEM
290,290,290,295,Marc Gasol 2010,O.J. Mayo 2010,Hasheem Thabeet 2010,Jamaal Tinsley 2010,Sam Young 2010,31.28,17.3,2.031600000000001,MEM
291,291,291,296,Marc Gasol 2010,O.J. Mayo 2010,Zach Randolph 2010,Jamaal Tinsley 2010,Sam Young 2010,29.53,-48.0,-8.177926041666666,MEM
292,292,292,297,Mike Conley 2010,Rudy Gay 2010,Zach Randolph 2010,Hasheem Thabeet 2010,Sam Young 2010,27.14,26.1,2.882216666666668,MEM
293,293,293,298,DeMarre Carroll 2010,Marc Gasol 2010,O.J. Mayo 2010,Marcus Williams 2010,Sam Young 2010,26.5,32.7,3.7030208333333343,MEM
294,294,294,299,Darrell Arthur 2010,Mike Conley 2010,Marc Gasol 2010,Rudy Gay 2010,O.J. Mayo 2010,26.39,-10.2,-2.212767708333333,MEM
295,295,295,300,Carlos Arroyo 2010,Michael Beasley 2010,Jermaine O'Neal 2010,Quentin Richardson 2010,Dwyane Wade 2010,286.11,8.1,8.1,MIA
296,296,296,301,Rafer Alston 2010,Michael Beasley 2010,Jermaine O'Neal 2010,Quentin Richardson 2010,Dwyane Wade 2010,247.56,-2.6,-2.6,MIA
297,297,297,302,Michael Beasley 2010,Mario Chalmers 2010,Jermaine O'Neal 2010,Quentin Richardson 2010,Dwyane Wade 2010,214.32,5.6,5.6,MIA
298,298,298,303,Joel Anthony 2010,Carlos Arroyo 2010,Michael Beasley 2010,Quentin Richardson 2010,Dwyane Wade 2010,143.25,6.8,6.2502929687499975,MIA
299,299,299,304,Mario Chalmers 2010,Udonis Haslem 2010,Jermaine O'Neal 2010,Quentin Richardson 2010,Dwyane Wade 2010,115.04,3.2,3.775195833333333,MIA
300,300,300,305,Joel Anthony 2010,Mario Chalmers 2010,Udonis Haslem 2010,Dwyane Wade 2010,Dorell Wright 2010,108.29,17.2,11.721790885416667,MIA
301,301,301,306,Joel Anthony 2010,Mario Chalmers 2010,Udonis Haslem 2010,Quentin Richardson 2010,Dwyane Wade 2010,105.1,17.5,11.677247395833332,MIA
302,302,302,307,Rafer Alston 2010,Udonis Haslem 2010,Jermaine O'Neal 2010,Quentin Richardson 2010,Dwyane Wade 2010,99.07,19.0,12.047190364583333,MIA
303,303,303,308,Joel Anthony 2010,Michael Beasley 2010,Mario Chalmers 2010,Udonis Haslem 2010,Dorell Wright 2010,95.23,-19.9,-7.534104427083332,MIA
304,304,304,309,Joel Anthony 2010,Carlos Arroyo 2010,Udonis Haslem 2010,Quentin Richardson 2010,Dwyane Wade 2010,94.41,0.1,2.40505546875,MIA
305,305,305,310,Michael Beasley 2010,Mario Chalmers 2010,James Jones 2010,Jermaine O'Neal 2010,Dwyane Wade 2010,93.57,7.1,5.83630234375,MIA
306,306,306,311,Carlos Arroyo 2010,Udonis Haslem 2010,Jermaine O'Neal 2010,Quentin Richardson 2010,Dwyane Wade 2010,77.46,7.3,5.7101609375,MIA
307,307,307,312,Carlos Arroyo 2010,Mario Chalmers 2010,Udonis Haslem 2010,Jermaine O'Neal 2010,Dorell Wright 2010,58.38,7.0,5.3541078125,MIA
308,308,308,313,Carlos Arroyo 2010,Michael Beasley 2010,Udonis Haslem 2010,Quentin Richardson 2010,Dwyane Wade 2010,50.48,2.7,4.12625625,MIA
309,309,309,314,Michael Beasley 2010,Mario Chalmers 2010,Udonis Haslem 2010,Dwyane Wade 2010,Dorell Wright 2010,46.42,0.9,3.7319859374999993,MIA
310,310,310,315,Rafer Alston 2010,Joel Anthony 2010,Michael Beasley 2010,Quentin Richardson 2010,Dwyane Wade 2010,44.03,38.4,12.37808828125,MIA
311,311,311,316,Carlos Arroyo 2010,Michael Beasley 2010,Mario Chalmers 2010,Udonis Haslem 2010,Dorell Wright 2010,43.49,12.1,6.325900260416668,MIA
312,312,312,317,Joel Anthony 2010,Carlos Arroyo 2010,Michael Beasley 2010,Udonis Haslem 2010,Dorell Wright 2010,43.27,-18.2,-0.5112002604166666,MIA
313,313,313,318,Joel Anthony 2010,Michael Beasley 2010,Mario Chalmers 2010,Quentin Richardson 2010,Dwyane Wade 2010,42.56,-36.6,-4.505425000000002,MIA
314,314,314,319,Rafer Alston 2010,Michael Beasley 2010,Jermaine O'Neal 2010,Dwyane Wade 2010,Dorell Wright 2010,42.34,17.0,7.3617401041666675,MIA
315,315,315,320,Andrew Bogut 2010,Carlos Delfino 2010,Brandon Jennings 2010,Luc Mbah a Moute 2010,John Salmons 2010,282.01,15.4,15.4,MIL
316,316,316,321,Charlie Bell 2010,Andrew Bogut 2010,Carlos Delfino 2010,Brandon Jennings 2010,Luc Mbah a Moute 2010,188.46,4.6,4.601409926470588,MIL
317,317,317,322,Charlie Bell 2010,Andrew Bogut 2010,Carlos Delfino 2010,Ersan Ilyasova 2010,Brandon Jennings 2010,118.16,24.2,16.69157598039215,MIL
318,318,318,323,Carlos Delfino 2010,Brandon Jennings 2010,Luc Mbah a Moute 2010,John Salmons 2010,Kurt Thomas 2010,104.07,-5.9,-1.0563069852941176,MIL
319,319,319,324,Charlie Bell 2010,Andrew Bogut 2010,Carlos Delfino 2010,Brandon Jennings 2010,Hakim Warrick 2010,101.53,4.9,4.794673406862746,MIL
320,320,320,325,Andrew Bogut 2010,Carlos Delfino 2010,Ersan Ilyasova 2010,Brandon Jennings 2010,Luc Mbah a Moute 2010,97.55,8.1,6.415873161764706,MIL
321,321,321,326,Andrew Bogut 2010,Carlos Delfino 2010,Ersan Ilyasova 2010,Brandon Jennings 2010,John Salmons 2010,96.07,22.4,13.544696997549016,MIL
322,322,322,327,Carlos Delfino 2010,Ersan Ilyasova 2010,Luke Ridnour 2010,Jerry Stackhouse 2010,Kurt Thomas 2010,92.25,-6.8,-0.8376148897058826,MIL
323,323,323,328,Charlie Bell 2010,Andrew Bogut 2010,Ersan Ilyasova 2010,Brandon Jennings 2010,Luc Mbah a Moute 2010,81.18,-8.6,-0.9369871323529416,MIL
324,324,324,330,Andrew Bogut 2010,Ersan Ilyasova 2010,Luke Ridnour 2010,John Salmons 2010,Jerry Stackhouse 2010,70.19,12.2,7.426869178921567,MIL
325,325,325,331,Charlie Bell 2010,Andrew Bogut 2010,Brandon Jennings 2010,Luc Mbah a Moute 2010,John Salmons 2010,55.55,-8.4,0.8931479779411764,MIL
326,326,326,332,Ersan Ilyasova 2010,Luke Ridnour 2010,John Salmons 2010,Jerry Stackhouse 2010,Kurt Thomas 2010,54.56,16.0,7.894240196078432,MIL
327,327,327,333,Charlie Bell 2010,Carlos Delfino 2010,Dan Gadzuric 2010,Ersan Ilyasova 2010,Brandon Jennings 2010,47.56,4.1,4.533674019607843,MIL
328,328,328,334,Carlos Delfino 2010,Ersan Ilyasova 2010,Brandon Jennings 2010,John Salmons 2010,Kurt Thomas 2010,40.01,8.0,5.369045649509804,MIL
329,329,329,335,Charlie Bell 2010,Andrew Bogut 2010,Brandon Jennings 2010,Luc Mbah a Moute 2010,Hakim Warrick 2010,39.23,-14.7,0.7174136029411762,MIL
330,330,330,336,Carlos Delfino 2010,Jodie Meeks 2010,Luke Ridnour 2010,Kurt Thomas 2010,Hakim Warrick 2010,35.28,-2.8,3.3026691176470586,MIL
331,331,331,339,Andrew Bogut 2010,Ersan Ilyasova 2010,Brandon Jennings 2010,Luc Mbah a Moute 2010,Luke Ridnour 2010,31.08,6.8,5.020216911764705,MIL
332,332,332,340,Corey Brewer 2010,Jonny Flynn 2010,Ryan Gomes 2010,Ryan Hollins 2010,Al Jefferson 2010,295.25,-21.4,-21.4,MIN
333,333,333,341,Corey Brewer 2010,Jonny Flynn 2010,Al Jefferson 2010,Kevin Love 2010,Damien Wilkins 2010,280.18,-8.9,-8.9,MIN
334,334,334,342,Corey Brewer 2010,Jonny Flynn 2010,Ryan Gomes 2010,Al Jefferson 2010,Damien Wilkins 2010,213.23,-10.2,-10.2,MIN
335,335,335,343,Corey Brewer 2010,Jonny Flynn 2010,Ryan Gomes 2010,Al Jefferson 2010,Darko Milici? 2010,166.18,2.3,1.3841968750000004,MIN
336,336,336,344,Corey Brewer 2010,Jonny Flynn 2010,Ryan Gomes 2010,Al Jefferson 2010,Kevin Love 2010,134.08,-3.5,-3.804683333333333,MIN
337,337,337,345,Corey Brewer 2010,Jonny Flynn 2010,Ryan Gomes 2010,Al Jefferson 2010,Oleksiy Pecherov 2010,83.36,-6.9,-5.547658333333334,MIN
338,338,338,346,Corey Brewer 2010,Jonny Flynn 2010,Ryan Gomes 2010,Kevin Love 2010,Darko Milici? 2010,76.27,-18.6,-10.107105729166667,MIN
339,339,339,347,Wayne Ellington 2010,Ryan Gomes 2010,Al Jefferson 2010,Kevin Love 2010,Ramon Sessions 2010,68.3,20.8,4.493505208333334,MIN
340,340,340,348,Corey Brewer 2010,Al Jefferson 2010,Kevin Love 2010,Ramon Sessions 2010,Damien Wilkins 2010,62.15,-0.5,-3.2119713541666663,MIN
341,341,341,349,Wayne Ellington 2010,Al Jefferson 2010,Kevin Love 2010,Ramon Sessions 2010,Damien Wilkins 2010,62.08,4.0,-1.7584333333333335,MIN
342,342,342,350,Corey Brewer 2010,Ryan Gomes 2010,Al Jefferson 2010,Kevin Love 2010,Ramon Sessions 2010,58.26,18.7,2.5327843749999994,MIN
343,343,343,351,Corey Brewer 2010,Jonny Flynn 2010,Ryan Gomes 2010,Ryan Hollins 2010,Kevin Love 2010,52.02,-44.5,-15.344790625,MIN
344,344,344,352,Wayne Ellington 2010,Al Jefferson 2010,Kevin Love 2010,Sasha Pavlovi? 2010,Ramon Sessions 2010,50.13,-43.5,-14.6900453125,MIN
345,345,345,353,Wayne Ellington 2010,Jonny Flynn 2010,Ryan Gomes 2010,Al Jefferson 2010,Kevin Love 2010,46.57,-5.5,-4.7501265625,MIN
346,346,346,354,Wayne Ellington 2010,Ryan Hollins 2010,Kevin Love 2010,Ramon Sessions 2010,Damien Wilkins 2010,46.4,7.8,-1.5350833333333331,MIN
347,347,347,355,Corey Brewer 2010,Wayne Ellington 2010,Jonny Flynn 2010,Ryan Gomes 2010,Al Jefferson 2010,41.4,-16.3,-7.05221875,MIN
348,348,348,356,Corey Brewer 2010,Jonny Flynn 2010,Ryan Gomes 2010,Ryan Hollins 2010,Nathan Jawai 2010,37.38,15.8,-0.5558968749999993,MIN
349,349,349,357,Corey Brewer 2010,Ryan Gomes 2010,Al Jefferson 2010,Darko Milici? 2010,Ramon Sessions 2010,33.24,-29.6,-8.85370625,MIN
350,350,350,358,Wayne Ellington 2010,Ryan Gomes 2010,Al Jefferson 2010,Sasha Pavlovi? 2010,Ramon Sessions 2010,33.22,40.3,3.2430635416666664,MIN
351,351,351,359,Corey Brewer 2010,Jonny Flynn 2010,Ryan Hollins 2010,Kevin Love 2010,Damien Wilkins 2010,33.13,9.5,-2.0925453124999995,MIN
352,352,352,360,Devin Brown 2010,Emeka Okafor 2010,Chris Paul 2010,Peja Stojakovi? 2010,David West 2010,496.42,2.7,2.7,NOH
353,353,353,361,Darren Collison 2010,Emeka Okafor 2010,Morris Peterson 2010,Peja Stojakovi? 2010,David West 2010,247.19,-4.1,-4.1,NOH
354,354,354,362,Darren Collison 2010,Emeka Okafor 2010,Morris Peterson 2010,Marcus Thornton 2010,David West 2010,129.1,1.1,-1.3799635416666671,NOH
355,355,355,363,Darren Collison 2010,James Posey 2010,Darius Songaila 2010,Marcus Thornton 2010,David West 2010,124.07,-15.9,-12.563646354166664,NOH
356,356,356,364,Darren Collison 2010,Emeka Okafor 2010,Peja Stojakovi? 2010,Marcus Thornton 2010,David West 2010,114.51,-6.2,-6.3089703125000005,NOH
357,357,357,365,Emeka Okafor 2010,Chris Paul 2010,Morris Peterson 2010,Marcus Thornton 2010,David West 2010,102.05,-28.8,-18.338627604166668,NOH
358,358,358,366,Darren Collison 2010,Emeka Okafor 2010,Morris Peterson 2010,David West 2010,Julian Wright 2010,100.58,-11.7,-9.209757291666666,NOH
359,359,359,367,Devin Brown 2010,Darren Collison 2010,Emeka Okafor 2010,Peja Stojakovi? 2010,David West 2010,97.14,-9.9,-8.205365625,NOH
360,360,360,368,Emeka Okafor 2010,Chris Paul 2010,Peja Stojakovi? 2010,Marcus Thornton 2010,David West 2010,94.1,16.2,4.640661458333332,NOH
361,361,361,369,Emeka Okafor 2010,Chris Paul 2010,Morris Peterson 2010,David West 2010,Julian Wright 2010,83.38,-4.5,-5.6144864583333325,NOH
362,362,362,370,Darren Collison 2010,James Posey 2010,Peja Stojakovi? 2010,Marcus Thornton 2010,David West 2010,57.51,-34.4,-14.8359078125,NOH
363,363,363,371,Darren Collison 2010,James Posey 2010,Darius Songaila 2010,Marcus Thornton 2010,Julian Wright 2010,55.16,22.1,1.7379229166666672,NOH
364,364,364,372,Darren Collison 2010,Emeka Okafor 2010,James Posey 2010,Marcus Thornton 2010,David West 2010,54.26,-33.0,-13.967488541666668,NOH
365,365,365,373,Devin Brown 2010,Emeka Okafor 2010,Chris Paul 2010,Darius Songaila 2010,Peja Stojakovi? 2010,53.35,-32.3,-13.6472421875,NOH
366,366,366,374,Darren Collison 2010,James Posey 2010,Darius Songaila 2010,Peja Stojakovi? 2010,David West 2010,53.01,-9.4,-7.2789546875000015,NOH
367,367,367,375,Darren Collison 2010,James Posey 2010,Marcus Thornton 2010,David West 2010,Julian Wright 2010,52.33,-2.3,-5.333457812500002,NOH
368,368,368,376,Chris Paul 2010,James Posey 2010,Darius Songaila 2010,Marcus Thornton 2010,David West 2010,52.0,11.7,-1.5489583333333343,NOH
369,369,369,377,Devin Brown 2010,Emeka Okafor 2010,Chris Paul 2010,James Posey 2010,David West 2010,42.32,22.0,-0.1947374999999996,NOH
370,370,370,378,Darren Collison 2010,Emeka Okafor 2010,James Posey 2010,Darius Songaila 2010,Marcus Thornton 2010,42.11,-4.6,-6.0598661458333325,NOH
371,371,371,379,Devin Brown 2010,Darren Collison 2010,Emeka Okafor 2010,James Posey 2010,David West 2010,36.33,-8.1,-6.778426562500001,NOH
372,372,372,380,Wilson Chandler 2010,Chris Duhon 2010,Danilo Gallinari 2010,Jared Jeffries 2010,David Lee 2010,447.05,1.3,1.3,NYK
373,373,373,381,Wilson Chandler 2010,Chris Duhon 2010,Danilo Gallinari 2010,Larry Hughes 2010,David Lee 2010,199.51,-11.1,-11.1,NYK
374,374,374,382,Wilson Chandler 2010,Chris Duhon 2010,Al Harrington 2010,Jared Jeffries 2010,David Lee 2010,156.01,-2.5,-2.6543688725490195,NYK
375,375,375,383,Wilson Chandler 2010,Chris Duhon 2010,Danilo Gallinari 2010,Al Harrington 2010,David Lee 2010,132.16,-3.5,-3.4449999999999994,NYK
376,376,376,384,Chris Duhon 2010,Danilo Gallinari 2010,Al Harrington 2010,Jared Jeffries 2010,David Lee 2010,91.02,3.3,-0.1835624999999994,NYK
377,377,377,385,Wilson Chandler 2010,Chris Duhon 2010,Al Harrington 2010,Larry Hughes 2010,David Lee 2010,87.19,-18.5,-10.215386029411764,NYK
378,378,378,386,Toney Douglas 2010,Danilo Gallinari 2010,David Lee 2010,Tracy McGrady* 2010,Henry Walker 2010,73.44,-12.5,-6.833529411764705,NYK
379,379,379,387,Wilson Chandler 2010,Danilo Gallinari 2010,David Lee 2010,Tracy McGrady* 2010,Sergio Rodríguez 2010,73.06,-32.1,-14.273575980392158,NYK
380,380,380,388,Toney Douglas 2010,Danilo Gallinari 2010,Al Harrington 2010,David Lee 2010,Tracy McGrady* 2010,71.29,-16.9,-8.364501225490192,NYK
381,381,381,389,Chris Duhon 2010,Danilo Gallinari 2010,Al Harrington 2010,Larry Hughes 2010,David Lee 2010,58.01,9.7,0.6113400735294121,NYK
382,382,382,390,Wilson Chandler 2010,Danilo Gallinari 2010,Jared Jeffries 2010,David Lee 2010,Nate Robinson 2010,47.56,-15.8,-6.414055147058822,NYK
383,383,383,391,Wilson Chandler 2010,Chris Duhon 2010,Al Harrington 2010,David Lee 2010,Nate Robinson 2010,45.08,7.7,-0.7352965686274509,NYK
384,384,384,392,Wilson Chandler 2010,Danilo Gallinari 2010,Al Harrington 2010,David Lee 2010,Nate Robinson 2010,43.32,20.7,2.0967794117647056,NYK
385,385,385,393,Wilson Chandler 2010,Al Harrington 2010,Jared Jeffries 2010,David Lee 2010,Nate Robinson 2010,42.2,-7.1,-4.153566176470586,NYK
386,386,386,396,Toney Douglas 2010,Chris Duhon 2010,Danilo Gallinari 2010,David Lee 2010,Henry Walker 2010,36.43,-14.3,-5.406200367647059,NYK
387,387,387,397,Wilson Chandler 2010,Toney Douglas 2010,Danilo Gallinari 2010,Al Harrington 2010,David Lee 2010,34.23,-8.2,-4.192912683823529,NYK
388,388,388,398,Chris Duhon 2010,Al Harrington 2010,Larry Hughes 2010,Jared Jeffries 2010,David Lee 2010,33.5,43.3,4.811305147058823,NYK
389,389,389,400,Kevin Durant 2010,Jeff Green 2010,Nenad Krsti? 2010,Thabo Sefolosha 2010,Russell Westbrook 2010,307.34,1.3,1.3,OKC
390,390,390,401,Nick Collison 2010,Kevin Durant 2010,Jeff Green 2010,Thabo Sefolosha 2010,Russell Westbrook 2010,207.31,5.5,5.5,OKC
391,391,391,402,Nick Collison 2010,Jeff Green 2010,James Harden 2010,Serge Ibaka 2010,Eric Maynor 2010,200.42,-5.3,-5.3,OKC
392,392,392,403,Nick Collison 2010,Kevin Durant 2010,Jeff Green 2010,James Harden 2010,Russell Westbrook 2010,153.52,7.3,8.480348684210528,OKC
393,393,393,404,Nick Collison 2010,Kevin Durant 2010,James Harden 2010,Serge Ibaka 2010,Eric Maynor 2010,151.54,30.0,26.45753179824561,OKC
394,394,394,405,Kevin Durant 2010,Jeff Green 2010,Serge Ibaka 2010,Thabo Sefolosha 2010,Russell Westbrook 2010,104.56,-13.8,-1.508543859649123,OKC
395,395,395,406,Nick Collison 2010,Kevin Durant 2010,James Harden 2010,Serge Ibaka 2010,Russell Westbrook 2010,84.58,6.2,10.110464912280703,OKC
396,396,396,407,Kevin Durant 2010,Jeff Green 2010,James Harden 2010,Nenad Krsti? 2010,Russell Westbrook 2010,82.44,15.9,14.35330592105263,OKC
397,397,397,408,Kevin Durant 2010,Jeff Green 2010,James Harden 2010,Serge Ibaka 2010,Russell Westbrook 2010,77.32,-1.3,7.354441885964912,OKC
398,398,398,409,Kevin Durant 2010,Jeff Green 2010,James Harden 2010,Thabo Sefolosha 2010,Russell Westbrook 2010,69.12,28.8,18.809263157894737,OKC
399,399,399,410,Nick Collison 2010,Kevin Durant 2010,Nenad Krsti? 2010,Thabo Sefolosha 2010,Russell Westbrook 2010,67.2,26.7,17.918157894736844,OKC
400,400,400,411,Kevin Durant 2010,Jeff Green 2010,Thabo Sefolosha 2010,Etan Thomas 2010,Russell Westbrook 2010,60.14,-6.6,6.990833333333333,OKC
401,401,401,412,Nick Collison 2010,Kevin Durant 2010,James Harden 2010,Kevin Ollie 2010,Etan Thomas 2010,44.1,38.4,18.98001644736842,OKC
402,402,402,413,Nick Collison 2010,Kevin Durant 2010,Jeff Green 2010,Serge Ibaka 2010,Russell Westbrook 2010,38.28,27.2,15.982822368421054,OKC
403,403,403,414,Nick Collison 2010,Kevin Durant 2010,Jeff Green 2010,James Harden 2010,Eric Maynor 2010,37.02,35.0,17.394815789473682,OKC
404,404,404,415,Nick Collison 2010,Jeff Green 2010,James Harden 2010,Kevin Ollie 2010,Etan Thomas 2010,30.5,-22.0,7.599479166666668,OKC
405,405,405,417,Kevin Durant 2010,Jeff Green 2010,Nenad Krsti? 2010,Eric Maynor 2010,Thabo Sefolosha 2010,27.22,21.5,14.367663925438595,OKC
406,406,406,418,Nick Collison 2010,Kevin Durant 2010,Serge Ibaka 2010,Thabo Sefolosha 2010,Russell Westbrook 2010,27.13,31.3,15.748528782894736,OKC
407,407,407,419,Kevin Durant 2010,James Harden 2010,Serge Ibaka 2010,Thabo Sefolosha 2010,Russell Westbrook 2010,27.06,24.5,14.783550986842108,OKC
408,408,408,420,Matt Barnes 2010,Vince Carter 2010,Dwight Howard 2010,Rashard Lewis 2010,Jameer Nelson 2010,772.43,16.7,16.7,ORL
409,409,409,421,Vince Carter 2010,Dwight Howard 2010,Rashard Lewis 2010,Mickaël Piétrus 2010,Jason Williams 2010,293.56,6.8,6.8,ORL
410,410,410,422,Vince Carter 2010,Dwight Howard 2010,Rashard Lewis 2010,Jameer Nelson 2010,Mickaël Piétrus 2010,158.12,3.6,4.229956250000001,ORL
411,411,411,423,Ryan Anderson 2010,Marcin Gortat 2010,Mickaël Piétrus 2010,J.J. Redick 2010,Jason Williams 2010,126.55,15.5,12.660424479166664,ORL
412,412,412,424,Matt Barnes 2010,Dwight Howard 2010,Rashard Lewis 2010,Jameer Nelson 2010,J.J. Redick 2010,117.2,2.5,4.319354166666667,ORL
413,413,413,425,Matt Barnes 2010,Vince Carter 2010,Dwight Howard 2010,Rashard Lewis 2010,Jason Williams 2010,106.59,8.4,7.8528421875,ORL
414,414,414,426,Ryan Anderson 2010,Dwight Howard 2010,Mickaël Piétrus 2010,J.J. Redick 2010,Jason Williams 2010,101.57,6.9,7.027167187500003,ORL
415,415,415,427,Vince Carter 2010,Dwight Howard 2010,Rashard Lewis 2010,Jameer Nelson 2010,J.J. Redick 2010,77.34,-2.5,3.2748031250000014,ORL
416,416,416,428,Matt Barnes 2010,Vince Carter 2010,Marcin Gortat 2010,Rashard Lewis 2010,Jameer Nelson 2010,74.11,33.8,17.448902604166665,ORL
417,417,417,429,Matt Barnes 2010,Dwight Howard 2010,Rashard Lewis 2010,J.J. Redick 2010,Jason Williams 2010,73.21,13.4,9.545511979166667,ORL
418,418,418,430,Ryan Anderson 2010,Matt Barnes 2010,Dwight Howard 2010,Jameer Nelson 2010,J.J. Redick 2010,68.18,47.7,21.562371875000004,ORL
419,419,419,431,Brandon Bass 2010,Marcin Gortat 2010,Mickaël Piétrus 2010,J.J. Redick 2010,Jason Williams 2010,68.14,-2.3,3.8091364583333336,ORL
420,420,420,432,Dwight Howard 2010,Rashard Lewis 2010,Mickaël Piétrus 2010,J.J. Redick 2010,Jason Williams 2010,67.04,-11.1,0.790725000000001,ORL
421,421,421,433,Brandon Bass 2010,Dwight Howard 2010,Mickaël Piétrus 2010,J.J. Redick 2010,Jason Williams 2010,65.17,28.0,14.240266145833335,ORL
422,422,422,434,Marcin Gortat 2010,Rashard Lewis 2010,Mickaël Piétrus 2010,J.J. Redick 2010,Jason Williams 2010,58.35,-10.2,1.891148437500001,ORL
423,423,423,435,Ryan Anderson 2010,Matt Barnes 2010,Dwight Howard 2010,J.J. Redick 2010,Jason Williams 2010,57.16,8.5,7.565952083333335,ORL
424,424,424,436,Matt Barnes 2010,Brandon Bass 2010,Dwight Howard 2010,Jameer Nelson 2010,J.J. Redick 2010,45.38,-26.2,-0.7171385416666656,ORL
425,425,425,437,Dwight Howard 2010,Rashard Lewis 2010,Jameer Nelson 2010,Mickaël Piétrus 2010,J.J. Redick 2010,44.2,-14.3,2.227427083333334,ORL
426,426,426,438,Vince Carter 2010,Dwight Howard 2010,Rashard Lewis 2010,J.J. Redick 2010,Jason Williams 2010,39.25,0.6,5.826914062500001,ORL
427,427,427,439,Matt Barnes 2010,Brandon Bass 2010,Marcin Gortat 2010,J.J. Redick 2010,Jason Williams 2010,35.07,17.6,9.0751046875,ORL
428,428,428,440,Elton Brand 2010,Samuel Dalembert 2010,Andre Iguodala 2010,Lou Williams 2010,Thaddeus Young 2010,253.23,-7.0,-7.0,PHI
429,429,429,441,Elton Brand 2010,Samuel Dalembert 2010,Jrue Holiday 2010,Andre Iguodala 2010,Jason Kapono 2010,198.07,-1.7,-1.7,PHI
430,430,430,442,Samuel Dalembert 2010,Andre Iguodala 2010,Allen Iverson* 2010,Lou Williams 2010,Thaddeus Young 2010,186.16,-8.4,-8.06465625,PHI
431,431,431,443,Elton Brand 2010,Samuel Dalembert 2010,Willie Green 2010,Jrue Holiday 2010,Andre Iguodala 2010,159.0,8.4,7.4074218750000025,PHI
432,432,432,444,Elton Brand 2010,Samuel Dalembert 2010,Jrue Holiday 2010,Andre Iguodala 2010,Allen Iverson* 2010,137.59,-2.7,-1.1909726562500005,PHI
433,433,433,445,Elton Brand 2010,Samuel Dalembert 2010,Jrue Holiday 2010,Andre Iguodala 2010,Lou Williams 2010,119.09,-10.2,-5.329839843749999,PHI
434,434,434,446,Samuel Dalembert 2010,Willie Green 2010,Jrue Holiday 2010,Andre Iguodala 2010,Thaddeus Young 2010,100.53,-24.0,-11.31568359375,PHI
435,435,435,447,Elton Brand 2010,Samuel Dalembert 2010,Andre Iguodala 2010,Allen Iverson* 2010,Thaddeus Young 2010,79.15,-5.8,-0.8481184895833334,PHI
436,436,436,448,Samuel Dalembert 2010,Willie Green 2010,Andre Iguodala 2010,Lou Williams 2010,Thaddeus Young 2010,77.5,8.1,4.8349609375,PHI
437,437,437,449,Elton Brand 2010,Willie Green 2010,Andre Iguodala 2010,Lou Williams 2010,Thaddeus Young 2010,70.29,-20.3,-5.7676992187500025,PHI
438,438,438,450,Elton Brand 2010,Andre Iguodala 2010,Marreese Speights 2010,Lou Williams 2010,Thaddeus Young 2010,55.34,12.5,5.471263020833334,PHI
439,439,439,451,Elton Brand 2010,Willie Green 2010,Jrue Holiday 2010,Andre Iguodala 2010,Thaddeus Young 2010,54.23,29.6,10.244032552083333,PHI
440,440,440,452,Elton Brand 2010,Jrue Holiday 2010,Andre Iguodala 2010,Lou Williams 2010,Thaddeus Young 2010,52.32,6.8,3.7626875,PHI
441,441,441,453,Elton Brand 2010,Rodney Carney 2010,Andre Iguodala 2010,Lou Williams 2010,Thaddeus Young 2010,47.1,25.1,8.138398437500001,PHI
442,442,442,454,Samuel Dalembert 2010,Jrue Holiday 2010,Andre Iguodala 2010,Lou Williams 2010,Thaddeus Young 2010,42.31,-3.7,1.231194010416667,PHI
443,443,443,455,Willie Green 2010,Andre Iguodala 2010,Marreese Speights 2010,Lou Williams 2010,Thaddeus Young 2010,41.52,-26.7,-3.71653125,PHI
444,444,444,456,Elton Brand 2010,Andre Iguodala 2010,Allen Iverson* 2010,Lou Williams 2010,Thaddeus Young 2010,41.05,29.8,8.435071614583334,PHI
445,445,445,457,Samuel Dalembert 2010,Jrue Holiday 2010,Andre Iguodala 2010,Allen Iverson* 2010,Thaddeus Young 2010,40.01,20.4,6.32905078125,PHI
446,446,446,458,Elton Brand 2010,Samuel Dalembert 2010,Andre Iguodala 2010,Allen Iverson* 2010,Lou Williams 2010,36.4,-15.1,-0.7353645833333324,PHI
447,447,447,459,Elton Brand 2010,Samuel Dalembert 2010,Willie Green 2010,Andre Iguodala 2010,Allen Iverson* 2010,35.3,37.4,9.018528645833333,PHI
448,448,448,460,Channing Frye 2010,Grant Hill* 2010,Steve Nash* 2010,Jason Richardson 2010,Amar'e Stoudemire 2010,828.33,7.2,7.2,PHO
449,449,449,461,Grant Hill* 2010,Robin Lopez 2010,Steve Nash* 2010,Jason Richardson 2010,Amar'e Stoudemire 2010,452.31,4.2,4.2,PHO
450,450,450,462,Jared Dudley 2010,Channing Frye 2010,Steve Nash* 2010,Jason Richardson 2010,Amar'e Stoudemire 2010,222.43,17.2,17.2,PHO
451,451,451,463,Lou Amundson 2010,Goran Dragi? 2010,Jared Dudley 2010,Channing Frye 2010,Grant Hill* 2010,131.07,13.1,11.03885234375,PHO
452,452,452,464,Jarron Collins 2010,Grant Hill* 2010,Steve Nash* 2010,Jason Richardson 2010,Amar'e Stoudemire 2010,129.39,-5.8,-1.7548070312499986,PHO
453,453,453,465,Lou Amundson 2010,Leandro Barbosa 2010,Goran Dragi? 2010,Jared Dudley 2010,Channing Frye 2010,121.46,13.5,10.966805729166666,PHO
454,454,454,466,Lou Amundson 2010,Goran Dragi? 2010,Jared Dudley 2010,Channing Frye 2010,Jason Richardson 2010,95.4,0.7,3.670953125000002,PHO
455,455,455,467,Jared Dudley 2010,Robin Lopez 2010,Steve Nash* 2010,Jason Richardson 2010,Amar'e Stoudemire 2010,84.55,16.1,10.78626171875,PHO
456,456,456,468,Jared Dudley 2010,Channing Frye 2010,Grant Hill* 2010,Steve Nash* 2010,Amar'e Stoudemire 2010,69.59,-13.5,-0.682015364583334,PHO
457,457,457,469,Lou Amundson 2010,Leandro Barbosa 2010,Goran Dragi? 2010,Jared Dudley 2010,Amar'e Stoudemire 2010,63.49,-0.3,4.321674739583334,PHO
458,458,458,470,Goran Dragi? 2010,Jared Dudley 2010,Channing Frye 2010,Jason Richardson 2010,Amar'e Stoudemire 2010,62.07,5.0,6.0861335937500005,PHO
459,459,459,471,Lou Amundson 2010,Grant Hill* 2010,Steve Nash* 2010,Jason Richardson 2010,Amar'e Stoudemire 2010,56.45,-2.3,3.986837239583336,PHO
460,460,460,472,Leandro Barbosa 2010,Channing Frye 2010,Grant Hill* 2010,Steve Nash* 2010,Amar'e Stoudemire 2010,55.44,5.2,6.19930625,PHO
461,461,461,473,Jared Dudley 2010,Grant Hill* 2010,Steve Nash* 2010,Jason Richardson 2010,Amar'e Stoudemire 2010,52.36,-11.3,1.7221572916666683,PHO
462,462,462,474,Leandro Barbosa 2010,Grant Hill* 2010,Robin Lopez 2010,Steve Nash* 2010,Amar'e Stoudemire 2010,50.59,13.5,8.421760677083334,PHO
463,463,463,475,Goran Dragi? 2010,Jared Dudley 2010,Channing Frye 2010,Steve Nash* 2010,Amar'e Stoudemire 2010,44.58,15.6,8.6935265625,PHO
464,464,464,476,Lou Amundson 2010,Leandro Barbosa 2010,Goran Dragi? 2010,Jared Dudley 2010,Grant Hill* 2010,44.33,31.1,12.26053828125,PHO
465,465,465,477,Leandro Barbosa 2010,Jared Dudley 2010,Channing Frye 2010,Steve Nash* 2010,Amar'e Stoudemire 2010,43.59,19.4,9.509864843750002,PHO
466,466,466,478,Lou Amundson 2010,Leandro Barbosa 2010,Earl Clark 2010,Goran Dragi? 2010,Jared Dudley 2010,41.04,5.8,6.432931250000001,PHO
467,467,467,479,Lou Amundson 2010,Earl Clark 2010,Goran Dragi? 2010,Jared Dudley 2010,Channing Frye 2010,40.13,-2.3,4.743762239583335,PHO
468,468,468,480,LaMarcus Aldridge 2010,Nicolas Batum 2010,Marcus Camby 2010,Andre Miller 2010,Brandon Roy 2010,372.27,16.3,16.3,POR
469,469,469,481,LaMarcus Aldridge 2010,Jerryd Bayless 2010,Juwan Howard 2010,Andre Miller 2010,Martell Webster 2010,187.19,6.4,6.316326041666668,POR
470,470,470,482,LaMarcus Aldridge 2010,Juwan Howard 2010,Andre Miller 2010,Brandon Roy 2010,Martell Webster 2010,185.24,-0.7,-0.5676166666666669,POR
471,471,471,483,LaMarcus Aldridge 2010,Steve Blake 2010,Andre Miller 2010,Greg Oden 2010,Brandon Roy 2010,133.55,17.1,12.825843750000002,POR
472,472,472,484,LaMarcus Aldridge 2010,Steve Blake 2010,Greg Oden 2010,Brandon Roy 2010,Martell Webster 2010,103.46,6.6,4.96754375,POR
473,473,473,485,LaMarcus Aldridge 2010,Steve Blake 2010,Joel Przybilla 2010,Brandon Roy 2010,Martell Webster 2010,102.35,-11.4,-4.648234375,POR
474,474,474,486,LaMarcus Aldridge 2010,Steve Blake 2010,Andre Miller 2010,Joel Przybilla 2010,Brandon Roy 2010,100.19,3.9,3.498331250000001,POR
475,475,475,487,LaMarcus Aldridge 2010,Jerryd Bayless 2010,Rudy Fernández 2010,Juwan Howard 2010,Martell Webster 2010,93.34,-13.0,-4.747502083333333,POR
476,476,476,488,LaMarcus Aldridge 2010,Rudy Fernández 2010,Juwan Howard 2010,Andre Miller 2010,Martell Webster 2010,90.56,9.8,6.2390333333333325,POR
477,477,477,489,LaMarcus Aldridge 2010,Andre Miller 2010,Joel Przybilla 2010,Brandon Roy 2010,Martell Webster 2010,77.36,20.3,10.006283333333334,POR
478,478,478,490,LaMarcus Aldridge 2010,Nicolas Batum 2010,Juwan Howard 2010,Andre Miller 2010,Brandon Roy 2010,67.38,-9.8,-1.453056249999999,POR
479,479,479,491,LaMarcus Aldridge 2010,Steve Blake 2010,Juwan Howard 2010,Andre Miller 2010,Martell Webster 2010,62.46,0.9,2.3573250000000003,POR
480,480,480,492,LaMarcus Aldridge 2010,Steve Blake 2010,Andre Miller 2010,Jeff Ayres 2010,Martell Webster 2010,55.13,35.2,12.28853229166667,POR
481,481,481,493,LaMarcus Aldridge 2010,Steve Blake 2010,Rudy Fernández 2010,Joel Przybilla 2010,Brandon Roy 2010,43.09,19.8,6.8169093750000025,POR
482,482,482,494,LaMarcus Aldridge 2010,Nicolas Batum 2010,Steve Blake 2010,Dante Cunningham 2010,Rudy Fernández 2010,40.52,28.9,8.513316666666668,POR
483,483,483,495,Jerryd Bayless 2010,Marcus Camby 2010,Rudy Fernández 2010,Juwan Howard 2010,Brandon Roy 2010,39.52,-33.2,-4.4035166666666665,POR
484,484,484,496,Jerryd Bayless 2010,Dante Cunningham 2010,Rudy Fernández 2010,Juwan Howard 2010,Martell Webster 2010,39.15,13.7,5.2295625,POR
485,485,485,497,LaMarcus Aldridge 2010,Steve Blake 2010,Rudy Fernández 2010,Greg Oden 2010,Brandon Roy 2010,35.49,-37.1,-4.363325,POR
486,486,486,498,LaMarcus Aldridge 2010,Marcus Camby 2010,Andre Miller 2010,Brandon Roy 2010,Martell Webster 2010,34.24,-2.9,1.9971333333333336,POR
487,487,487,499,LaMarcus Aldridge 2010,Rudy Fernández 2010,Andre Miller 2010,Joel Przybilla 2010,Brandon Roy 2010,34.17,-9.6,0.8069156250000005,POR
488,488,488,500,Tyreke Evans 2010,Donté Greene 2010,Spencer Hawes 2010,Carl Landry 2010,Beno Udrih 2010,118.44,-7.3,-6.65070394736842,SAC
489,489,489,501,Tyreke Evans 2010,Carl Landry 2010,Andrés Nocioni 2010,Jason Thompson 2010,Beno Udrih 2010,106.13,-10.4,-8.25560389254386,SAC
490,490,490,502,Tyreke Evans 2010,Spencer Hawes 2010,Andrés Nocioni 2010,Jason Thompson 2010,Beno Udrih 2010,101.4,-3.1,-4.282171052631578,SAC
491,491,491,503,Tyreke Evans 2010,Donté Greene 2010,Spencer Hawes 2010,Andrés Nocioni 2010,Jason Thompson 2010,83.59,-4.6,-5.167607182017544,SAC
492,492,492,504,Omri Casspi 2010,Tyreke Evans 2010,Spencer Hawes 2010,Jason Thompson 2010,Beno Udrih 2010,83.11,-16.9,-10.49435471491228,SAC
493,493,493,505,Omri Casspi 2010,Tyreke Evans 2010,Spencer Hawes 2010,Carl Landry 2010,Beno Udrih 2010,80.28,-3.1,-4.55775,SAC
494,494,494,506,Omri Casspi 2010,Tyreke Evans 2010,Donté Greene 2010,Spencer Hawes 2010,Kevin Martin 2010,73.52,-11.5,-7.862456140350878,SAC
495,495,495,507,Omri Casspi 2010,Tyreke Evans 2010,Spencer Hawes 2010,Kevin Martin 2010,Jason Thompson 2010,56.48,-3.5,-4.985964912280702,SAC
496,496,496,508,Omri Casspi 2010,Donté Greene 2010,Spencer Hawes 2010,Jason Thompson 2010,Beno Udrih 2010,54.23,-9.5,-6.7053234649122775,SAC
497,497,497,509,Tyreke Evans 2010,Spencer Hawes 2010,Kevin Martin 2010,Andrés Nocioni 2010,Jason Thompson 2010,49.32,11.1,-1.3140986842105256,SAC
498,498,498,510,Francisco García 2010,Donté Greene 2010,Spencer Hawes 2010,Carl Landry 2010,Beno Udrih 2010,48.33,-10.7,-6.88770394736842,SAC
499,499,499,511,Omri Casspi 2010,Tyreke Evans 2010,Andrés Nocioni 2010,Jason Thompson 2010,Beno Udrih 2010,45.58,2.4,-3.704847039473684,SAC
500,500,500,512,Tyreke Evans 2010,Donté Greene 2010,Spencer Hawes 2010,Jason Thompson 2010,Beno Udrih 2010,44.4,-0.7,-4.470921052631579,SAC
501,501,501,513,Omri Casspi 2010,Tyreke Evans 2010,Donté Greene 2010,Jason Thompson 2010,Beno Udrih 2010,40.55,-8.9,-6.301104714912281,SAC
502,502,502,514,Omri Casspi 2010,Tyreke Evans 2010,Donté Greene 2010,Spencer Hawes 2010,Jason Thompson 2010,39.11,-0.1,-4.483852521929824,SAC
503,503,503,515,Omri Casspi 2010,Tyreke Evans 2010,Carl Landry 2010,Jason Thompson 2010,Beno Udrih 2010,37.17,0.2,-4.4814004934210505,SAC
504,504,504,516,Tyreke Evans 2010,Donté Greene 2010,Spencer Hawes 2010,Kevin Martin 2010,Jason Thompson 2010,36.29,1.4,-4.281195449561404,SAC
505,505,505,517,Jon Brockman 2010,Tyreke Evans 2010,Donté Greene 2010,Kevin Martin 2010,Jason Thompson 2010,32.03,-32.0,-10.008510142543859,SAC
506,506,506,519,Jon Brockman 2010,Omri Casspi 2010,Tyreke Evans 2010,Jason Thompson 2010,Beno Udrih 2010,31.15,0.7,-4.582299890350877,SAC
507,507,507,520,Tim Duncan* 2010,Manu Ginóbili 2010,George Hill 2010,Richard Jefferson 2010,Antonio McDyess 2010,230.42,10.0,10.0,SAS
508,508,508,521,Keith Bogans 2010,Tim Duncan* 2010,Richard Jefferson 2010,Antonio McDyess 2010,Tony Parker 2010,191.02,12.1,12.07961019736842,SAS
509,509,509,522,DeJuan Blair 2010,Keith Bogans 2010,Tim Duncan* 2010,Richard Jefferson 2010,Tony Parker 2010,123.36,0.4,3.1546315789473685,SAS
510,510,510,523,Keith Bogans 2010,Tim Duncan* 2010,Manu Ginóbili 2010,George Hill 2010,Antonio McDyess 2010,75.16,-8.5,1.604994517543861,SAS
511,511,511,524,Matt Bonner 2010,Tim Duncan* 2010,Manu Ginóbili 2010,George Hill 2010,Richard Jefferson 2010,70.23,10.9,9.127525493421055,SAS
512,512,512,525,Tim Duncan* 2010,George Hill 2010,Richard Jefferson 2010,Antonio McDyess 2010,Tony Parker 2010,68.59,28.7,15.46251836622807,SAS
513,513,513,526,Tim Duncan* 2010,Manu Ginóbili 2010,Richard Jefferson 2010,Antonio McDyess 2010,Tony Parker 2010,63.25,22.0,12.682565789473689,SAS
514,514,514,527,Keith Bogans 2010,Tim Duncan* 2010,George Hill 2010,Richard Jefferson 2010,Antonio McDyess 2010,54.11,-16.6,1.1427538377192992,SAS
515,515,515,528,Tim Duncan* 2010,Manu Ginóbili 2010,George Hill 2010,Richard Jefferson 2010,Tony Parker 2010,51.44,-5.1,4.56735307017544,SAS
516,516,516,529,Matt Bonner 2010,Tim Duncan* 2010,Michael Finley 2010,Richard Jefferson 2010,Tony Parker 2010,50.22,0.0,5.985230263157893,SAS
517,517,517,530,DeJuan Blair 2010,Manu Ginóbili 2010,George Hill 2010,Richard Jefferson 2010,Roger Mason 2010,48.34,10.7,8.758542214912282,SAS
518,518,518,532,DeJuan Blair 2010,Manu Ginóbili 2010,George Hill 2010,Roger Mason 2010,Antonio McDyess 2010,47.08,4.9,7.319305921052631,SAS
519,519,519,533,Tim Duncan* 2010,Manu Ginóbili 2010,George Hill 2010,Roger Mason 2010,Antonio McDyess 2010,47.07,20.8,11.217457236842103,SAS
520,520,520,534,Matt Bonner 2010,Tim Duncan* 2010,Manu Ginóbili 2010,Richard Jefferson 2010,Tony Parker 2010,45.33,14.9,9.709458059210526,SAS
521,521,521,535,Tim Duncan* 2010,George Hill 2010,Richard Jefferson 2010,Roger Mason 2010,Antonio McDyess 2010,44.48,-4.9,5.092377192982456,SAS
522,522,522,536,Tim Duncan* 2010,Manu Ginóbili 2010,Roger Mason 2010,Antonio McDyess 2010,Tony Parker 2010,43.57,17.6,10.259876096491231,SAS
523,523,523,537,Keith Bogans 2010,Tim Duncan* 2010,Manu Ginóbili 2010,Richard Jefferson 2010,Tony Parker 2010,40.51,11.8,8.884814144736842,SAS
524,524,524,538,DeJuan Blair 2010,Keith Bogans 2010,Tim Duncan* 2010,Manu Ginóbili 2010,Tony Parker 2010,39.52,0.2,6.478096491228071,SAS
525,525,525,539,Keith Bogans 2010,Tim Duncan* 2010,Manu Ginóbili 2010,Antonio McDyess 2010,Tony Parker 2010,39.24,24.1,11.3741875,SAS
526,526,526,540,Andrea Bargnani 2010,Chris Bosh 2010,DeMar DeRozan 2010,Jarrett Jack 2010,Hedo Türkoglu 2010,369.23,-14.2,-14.2,TOR
527,527,527,541,Andrea Bargnani 2010,Chris Bosh 2010,José Calderón 2010,DeMar DeRozan 2010,Hedo Türkoglu 2010,334.47,-0.5,-0.5,TOR
528,528,528,542,Andrea Bargnani 2010,Chris Bosh 2010,José Calderón 2010,Jarrett Jack 2010,Hedo Türkoglu 2010,121.04,-11.3,-5.246225000000002,TOR
529,529,529,543,Andrea Bargnani 2010,Chris Bosh 2010,José Calderón 2010,Sonny Weems 2010,Antoine Wright 2010,110.39,7.2,6.2988895833333345,TOR
530,530,530,544,Andrea Bargnani 2010,Chris Bosh 2010,Jarrett Jack 2010,Hedo Türkoglu 2010,Sonny Weems 2010,101.3,2.7,3.824302083333333,TOR
531,531,531,545,Andrea Bargnani 2010,Chris Bosh 2010,José Calderón 2010,Hedo Türkoglu 2010,Antoine Wright 2010,86.32,-7.2,-0.4408833333333324,TOR
532,532,532,546,Andrea Bargnani 2010,Chris Bosh 2010,DeMar DeRozan 2010,Jarrett Jack 2010,Sonny Weems 2010,78.3,10.2,7.167999999999998,TOR
533,533,533,547,Andrea Bargnani 2010,DeMar DeRozan 2010,Jarrett Jack 2010,Rasho Nesterovi? 2010,Hedo Türkoglu 2010,72.48,-12.3,-1.48095,TOR
534,534,534,548,Andrea Bargnani 2010,José Calderón 2010,Amir Johnson 2010,Hedo Türkoglu 2010,Sonny Weems 2010,72.2,8.9,6.516479166666668,TOR
535,535,535,549,Andrea Bargnani 2010,Chris Bosh 2010,Jarrett Jack 2010,Sonny Weems 2010,Antoine Wright 2010,71.16,27.7,13.4635375,TOR
536,536,536,550,Andrea Bargnani 2010,Chris Bosh 2010,DeMar DeRozan 2010,Jarrett Jack 2010,Antoine Wright 2010,62.38,-4.5,1.9674979166666664,TOR
537,537,537,551,Andrea Bargnani 2010,Marco Belinelli 2010,Chris Bosh 2010,José Calderón 2010,Hedo Türkoglu 2010,54.0,9.9,6.435625,TOR
538,538,538,552,Andrea Bargnani 2010,DeMar DeRozan 2010,Jarrett Jack 2010,Amir Johnson 2010,Hedo Türkoglu 2010,53.27,-19.7,-1.795159375,TOR
539,539,539,553,Andrea Bargnani 2010,Chris Bosh 2010,Jarrett Jack 2010,Hedo Türkoglu 2010,Antoine Wright 2010,49.07,19.4,8.739804166666666,TOR
540,540,540,554,Andrea Bargnani 2010,Marco Belinelli 2010,Jarrett Jack 2010,Amir Johnson 2010,Hedo Türkoglu 2010,46.32,10.9,6.4840750000000025,TOR
541,541,541,555,Marco Belinelli 2010,Chris Bosh 2010,Jarrett Jack 2010,Amir Johnson 2010,Hedo Türkoglu 2010,43.21,7.5,5.624626041666668,TOR
542,542,542,556,Andrea Bargnani 2010,Marco Belinelli 2010,Chris Bosh 2010,Jarrett Jack 2010,Hedo Türkoglu 2010,42.14,19.9,8.33268125,TOR
543,543,543,557,Andrea Bargnani 2010,Marco Belinelli 2010,Jarrett Jack 2010,Amir Johnson 2010,Antoine Wright 2010,40.29,4.9,5.042228125,TOR
544,544,544,558,Chris Bosh 2010,José Calderón 2010,Amir Johnson 2010,Sonny Weems 2010,Antoine Wright 2010,38.44,33.8,10.829983333333333,TOR
545,545,545,559,Marco Belinelli 2010,Chris Bosh 2010,José Calderón 2010,Amir Johnson 2010,Antoine Wright 2010,37.57,8.3,5.710080208333332,TOR
546,546,546,560,Carlos Boozer 2010,Ronnie Brewer 2010,Andrei Kirilenko 2010,Mehmet Okur 2010,Deron Williams 2010,327.49,3.6,3.6,UTA
547,547,547,561,Carlos Boozer 2010,Ronnie Brewer 2010,Wesley Matthews 2010,Mehmet Okur 2010,Deron Williams 2010,241.11,-0.8,-0.8,UTA
548,548,548,562,Carlos Boozer 2010,Wesley Matthews 2010,C.J. Miles 2010,Mehmet Okur 2010,Deron Williams 2010,204.33,8.2,8.2,UTA
549,549,549,563,Carlos Boozer 2010,Wesley Matthews 2010,C.J. Miles 2010,Paul Millsap 2010,Deron Williams 2010,147.48,3.2,4.244596875,UTA
550,550,550,564,Carlos Boozer 2010,Andrei Kirilenko 2010,Wesley Matthews 2010,Mehmet Okur 2010,Deron Williams 2010,141.11,-20.1,-12.73022682291667,UTA
551,551,551,565,Carlos Boozer 2010,Ronnie Brewer 2010,C.J. Miles 2010,Mehmet Okur 2010,Deron Williams 2010,136.14,-0.4,1.9580484375,UTA
552,552,552,566,Carlos Boozer 2010,Ronnie Brewer 2010,Andrei Kirilenko 2010,Paul Millsap 2010,Deron Williams 2010,117.32,12.1,10.390528125,UTA
553,553,553,567,Carlos Boozer 2010,Andrei Kirilenko 2010,Wesley Matthews 2010,Paul Millsap 2010,Deron Williams 2010,110.03,17.9,13.547478385416666,UTA
554,554,554,568,Carlos Boozer 2010,Kyle Korver 2010,Wesley Matthews 2010,Paul Millsap 2010,Deron Williams 2010,109.41,11.7,9.98152578125,UTA
555,555,555,569,Ronnie Brewer 2010,Andrei Kirilenko 2010,Paul Millsap 2010,Mehmet Okur 2010,Deron Williams 2010,84.05,-0.4,4.156951822916667,UTA
556,556,556,570,Kyle Korver 2010,C.J. Miles 2010,Paul Millsap 2010,Mehmet Okur 2010,Ronnie Price 2010,82.59,4.4,6.283333593749999,UTA
557,557,557,571,Carlos Boozer 2010,Ronnie Brewer 2010,Wesley Matthews 2010,Paul Millsap 2010,Deron Williams 2010,73.17,1.6,5.378422656249999,UTA
558,558,558,572,Carlos Boozer 2010,Andrei Kirilenko 2010,Kyle Korver 2010,Paul Millsap 2010,Deron Williams 2010,60.28,14.7,9.901138541666663,UTA
559,559,559,573,Carlos Boozer 2010,Ronnie Brewer 2010,Kyrylo Fesenko 2010,Wesley Matthews 2010,Deron Williams 2010,58.24,31.1,14.801483333333335,UTA
560,560,560,574,Kyle Korver 2010,C.J. Miles 2010,Paul Millsap 2010,Mehmet Okur 2010,Deron Williams 2010,54.07,23.8,12.237586718749998,UTA
561,561,561,575,Carlos Boozer 2010,Kyle Korver 2010,C.J. Miles 2010,Paul Millsap 2010,Deron Williams 2010,52.34,20.7,11.247491145833333,UTA
562,562,562,576,Ronnie Brewer 2010,Wesley Matthews 2010,Paul Millsap 2010,Mehmet Okur 2010,Deron Williams 2010,42.05,-5.5,4.812967447916666,UTA
563,563,563,577,Andrei Kirilenko 2010,Wesley Matthews 2010,Paul Millsap 2010,Mehmet Okur 2010,Deron Williams 2010,42.03,28.6,12.27904609375,UTA
564,564,564,578,Wesley Matthews 2010,C.J. Miles 2010,Paul Millsap 2010,Mehmet Okur 2010,Deron Williams 2010,38.32,2.6,6.686127083333332,UTA
565,565,565,579,Carlos Boozer 2010,Ronnie Brewer 2010,C.J. Miles 2010,Paul Millsap 2010,Deron Williams 2010,37.37,-2.9,5.64089140625,UTA
566,566,566,580,Caron Butler 2010,Randy Foye 2010,Brendan Haywood 2010,Antawn Jamison 2010,Mike Miller 2010,162.43,1.5,1.01932538377193,WAS
567,567,567,581,Andray Blatche 2010,Randy Foye 2010,JaVale McGee 2010,Mike Miller 2010,Al Thornton 2010,144.17,-16.5,-12.793437225877195,WAS
568,568,568,582,Caron Butler 2010,Randy Foye 2010,Brendan Haywood 2010,Antawn Jamison 2010,DeShawn Stevenson 2010,140.34,1.9,0.9526167763157896,WAS
569,569,569,583,Gilbert Arenas 2010,Caron Butler 2010,Brendan Haywood 2010,Antawn Jamison 2010,Nick Young 2010,140.16,10.1,6.935315789473684,WAS
570,570,570,584,Andray Blatche 2010,Shaun Livingston 2010,Mike Miller 2010,Fabricio Oberto 2010,Nick Young 2010,123.32,17.2,10.467552631578943,WAS
571,571,571,585,Gilbert Arenas 2010,Caron Butler 2010,Brendan Haywood 2010,Antawn Jamison 2010,DeShawn Stevenson 2010,109.57,12.0,6.1521699561403524,WAS
572,572,572,586,Gilbert Arenas 2010,Caron Butler 2010,Randy Foye 2010,Brendan Haywood 2010,Antawn Jamison 2010,108.03,-12.1,-7.517097861842107,WAS
573,573,573,587,Andray Blatche 2010,Shaun Livingston 2010,JaVale McGee 2010,Mike Miller 2010,Al Thornton 2010,79.11,-23.0,-10.429847039473684,WAS
574,574,574,588,Caron Butler 2010,Randy Foye 2010,Brendan Haywood 2010,Antawn Jamison 2010,Nick Young 2010,78.39,1.3,-0.4284416118421055,WAS
575,575,575,589,Andray Blatche 2010,Shaun Livingston 2010,JaVale McGee 2010,Mike Miller 2010,Nick Young 2010,77.39,0.3,-0.8467283442982457,WAS
576,576,576,590,Gilbert Arenas 2010,Andray Blatche 2010,Caron Butler 2010,Brendan Haywood 2010,DeShawn Stevenson 2010,66.51,-5.3,-2.8954629934210527,WAS
577,577,577,591,Andray Blatche 2010,Randy Foye 2010,Mike Miller 2010,James Singleton 2010,Al Thornton 2010,57.3,4.6,0.23554276315789435,WAS
578,578,578,592,Gilbert Arenas 2010,Earl Boykins 2010,Caron Butler 2010,Brendan Haywood 2010,Antawn Jamison 2010,51.38,-17.8,-5.950606359649122,WAS
579,579,579,593,Gilbert Arenas 2010,Caron Butler 2010,Brendan Haywood 2010,Antawn Jamison 2010,Mike Miller 2010,45.47,5.7,0.11274040570175425,WAS
580,580,580,594,Andray Blatche 2010,Earl Boykins 2010,Caron Butler 2010,Antawn Jamison 2010,Nick Young 2010,42.3,-7.1,-2.8281332236842105,WAS
581,581,581,596,Andray Blatche 2010,Shaun Livingston 2010,Mike Miller 2010,James Singleton 2010,Nick Young 2010,41.23,-7.5,-2.8834953399122805,WAS
582,582,582,597,Andray Blatche 2010,Earl Boykins 2010,Antawn Jamison 2010,Mike Miller 2010,Nick Young 2010,36.25,8.7,0.32758360745614024,WAS
583,583,583,598,Earl Boykins 2010,Caron Butler 2010,Brendan Haywood 2010,Antawn Jamison 2010,Mike Miller 2010,35.11,2.4,-0.8857445175438599,WAS
584,584,584,599,Earl Boykins 2010,Caron Butler 2010,Brendan Haywood 2010,Antawn Jamison 2010,Nick Young 2010,31.54,-7.2,-2.537510964912281,WAS
